# Kept/discarded triage of every (NKN)2 Cu(100) scan (local tree + institute share, deduplicated by sha256).
# garde = kept for the benchmark; ecarte = discarded, with motif. source: auto (catalog_sxm_candidates.jl status),
# revue_anterieure (earlier human review), benchmark_actuel (145-scan manifest), premier_tri_assistant
# (first visual pass, 2026-10-05, to be checked by the user). Applied by test/report_benchmark_triage.jl.
# Grading-side metadata: never read by the method.
file	session	decision	motif	source	note	sha256
240307_001.sxm	20240307_LHe_Cu100	ecarte	vue_large	auto	cadre 100.00x100.00 nm > 20 nm	42c6fc924d968a9b86b392c6d7d4e374e7076efefde61f9b7bc785ca1ca15b6f
240307_002.sxm	20240307_LHe_Cu100	ecarte	vue_large	auto	cadre 100.00x100.00 nm > 20 nm	5578b7517bb7a950ec7216263951125d77a072282b7e5f178f2d7df27185fc7f
240307_003.sxm	20240307_LHe_Cu100	ecarte	vue_large	auto	cadre 100.00x100.00 nm > 20 nm	9c32126aeab2dd1d3cc9fed31aac9da942f111fd9cc184af866e56f99e60d5dc
240307_004.sxm	20240307_LHe_Cu100	ecarte	vue_large	auto	cadre 40.00x40.00 nm > 20 nm	de0e6a1060d95e9d7cdcc0e1c70814a060a3cb8b9f7e29ac0c4bee3c843f9975
240307_005.sxm	20240307_LHe_Cu100	ecarte	revue_anterieure_exclu	revue_anterieure	Not chitosan	8c2ef8a9cc6d9c78f34c4d46a592bb90a79c3784c069143730430e819cbf75ef
240307_006.sxm	20240307_LHe_Cu100	ecarte	revue_anterieure_ambigu	revue_anterieure	ambiguous_documented: documented ambiguous/poor/double-tip; ambiguous_eff=true; low_fwd_bwd_corr=0.17; support_ell_nm=7.05	68eed8ce2c3163aab4f3101c827cf37ff4979769884033a7732171cb0f81bc51
240307_007.sxm	20240307_LHe_Cu100	ecarte	revue_anterieure_exclu	revue_anterieure	Not chitosan	2d125814d8754b5b0a643514f2db4613d50f8ac27659ff9e79ad048b32f32c31
240307_008.sxm	20240307_LHe_Cu100	ecarte	vue_large	auto	cadre 50.00x50.00 nm > 20 nm	f36bf5ddd243e33a4c93b5addf2421cccb99dfab37e2d91e7cb30004981a516e
240307_009.sxm	20240307_LHe_Cu100	ecarte	vue_large	auto	cadre 50.00x50.00 nm > 20 nm	71cc161eb99ec7f2cc34a983250128439fce24665b7b6aaa95724cee8b3b0a19
240307_010.sxm	20240307_LHe_Cu100	ecarte	revue_anterieure_ambigu	revue_anterieure	ambiguous_documented: documented ambiguous/poor/double-tip; low_fwd_bwd_corr=0.45; support_ell_nm=4.13	185e1b15978090c8e274302873649e2174f6be4589c37858f95644550ff91203
240307_011.sxm	20240307_LHe_Cu100	ecarte	vue_large	auto	cadre 50.00x50.00 nm > 20 nm	4a02db14da79fea7e42d38fabbe8a3029cfb44b94780be385b3cbfcea9a39fac
240307_012.sxm	20240307_LHe_Cu100	ecarte	revue_anterieure_ambigu	revue_anterieure	ambiguous_documented: documented ambiguous/poor/double-tip; low_fwd_bwd_corr=0.45; support_ell_nm=4.96	1c447fd9a75ecc6228ff373f1e56eba5a5ce0f575cf9797620e9fa3da3dbfb49
240307_013.sxm	20240307_LHe_Cu100	ecarte	revue_anterieure_ambigu	revue_anterieure	ambiguous_documented: documented ambiguous/poor/double-tip; low_fwd_bwd_corr=0.53; support_ell_nm=5.15	e25a3450de4a0b1414c86e2081f6bcce79a4ba40f546878c81b5265effa01174
240307_014.sxm	20240307_LHe_Cu100	ecarte	revue_anterieure_ambigu	revue_anterieure	ambiguous_documented: documented ambiguous/poor/double-tip; low_fwd_bwd_corr=0.53; support_ell_nm=5.15	cd7d1816440acf1865194437e611d29c817c76d3a2945d9a340ab422d66bd33c
240307_015.sxm	20240307_LHe_Cu100	garde		benchmark_actuel		df731e2bbd184bb5cdb5cb9bf525a1a41da8f5838d95914bf962ad177387a0d1
240307_016.sxm	20240307_LHe_Cu100	garde		benchmark_actuel		4dca640c6654d3942d6872b3b7d3652fe647e553b64fc6e63f9b9228cc2ae3bb
240307_017.sxm	20240307_LHe_Cu100	garde		benchmark_actuel		684ef4e84ea062f645b0c818eebb6ab7fefc0aa76209d32c1da95b1ad1bca16e
240307_018.sxm	20240307_LHe_Cu100	ecarte	vue_large	auto	cadre 30.00x30.00 nm > 20 nm	8874a774a0d1775744fde68388d468f152ea7598958628c8b5013afc82e8d75a
240307_019.sxm	20240307_LHe_Cu100	garde		benchmark_actuel		428508898669062c67e1099d489bfc9ddeb5bb3cdaf85a2c5b46bb47ca7404b7
240308_Cu100001.sxm	20240308_LHe_Cu100	ecarte	vue_large	auto	cadre 100.00x100.00 nm > 20 nm	4b86809fa75c309277537e65897af545e9afa0aa4ceed12a5afa2a7c99c22435
240308_Cu100002.sxm	20240308_LHe_Cu100	ecarte	vue_large	auto	cadre 80.00x80.00 nm > 20 nm	a5d9f9cc84be720ca004f0b51cc80a1057d9a32cda24ae7fc846536de7b83faa
240308_Cu100003.sxm	20240308_LHe_Cu100	ecarte	molecule_coupee	auto	la zone de la molécule traverse le cadre	5fe8918d3c160f3b0ac511a7827a191ae7e5dda86f1d2b51df7011bb3ca459b0
240308_Cu100004.sxm	20240308_LHe_Cu100	ecarte	vue_large	auto	cadre 100.00x100.00 nm > 20 nm	5abcdffc4970fd53004a255418f37d3163ee2945404b208c96e69f13d835876a
240308_Cu100005.sxm	20240308_LHe_Cu100	ecarte	molecule_coupee	premier_tri_assistant	molécule au bord d'un scan interrompu	f8faf3a9e85d31223a57cc3d84d29f280677e5acc95516fc6d4d366ed5d0ef0e
240308_Cu100006.sxm	20240308_LHe_Cu100	ecarte	pas_de_molecule	premier_tri_assistant	quasi rien de scanné	cce24f58d275c46f9989cdd2ec4f03ba10f0f1ddac5c4850d4457d23b3aee46f
240308_Cu100007.sxm	20240308_LHe_Cu100	ecarte	molecule_coupee	auto	la zone de la molécule traverse le cadre	773ea57d62e6e10569970b3e37e44491d8d9bae2c4c7c427816cee385aa85edd
240308_Cu100008.sxm	20240308_LHe_Cu100	ecarte	pas_6mere_long	premier_tri_assistant	chaîne longue (~8 nm), reprise dans la série 240308_Cu1000xx	5ae61b2bc7ef14dce287a21c7116c1e3c8c116f2cf573d3c7206b642b8bd1695
240308_Cu100009.sxm	20240308_LHe_Cu100	ecarte	revue_anterieure_ambigu	revue_anterieure	visual_review_ambiguous_exclude_strict: unclassified with unclear automated diagnostics; support_ell_nm=1.90; user visual review of best_plots_20240308: ambiguo	26f6fb3e05fe931653cd12958de15739f2d80d93101de8e21684e2d086e88dcc
240308_Cu100010.sxm	20240308_LHe_Cu100	ecarte	molecule_coupee	auto	la zone de la molécule traverse le cadre	2efcdb624ca3df63bd7f0ae00ebba511ab23346c5ea939d9ecb8135d516b6ecc
240308_Cu100011.sxm	20240308_LHe_Cu100	ecarte	molecule_coupee	auto	la zone de la molécule traverse le cadre	b3e4b71d839b150f97f3981116ab07f5e626d44f7f9e5480d16fdcf0bcd05616
240308_Cu100012.sxm	20240308_LHe_Cu100	ecarte	revue_anterieure_ambigu	revue_anterieure	visual_review_ambiguous_exclude_strict: unclassified selected N=5, near 6; support_ell_nm=3.42; user visual review marked ambiguous; do not use in strict classi	195c097e9cd5578b239a1c45b61a5bd100243bd204c83b1497576f2a373bed93
240308_Cu100013.sxm	20240308_LHe_Cu100	ecarte	revue_anterieure_ambigu	revue_anterieure	visual_review_ambiguous_exclude_strict: unclassified with unclear automated diagnostics; ambiguous_eff=true; support_ell_nm=1.63; user visual review of best_plo	76601107cb3946a500736ae2b052fe3b9b5aa7396bde5df08f27ae1cb162549c
240308_Cu100014.sxm	20240308_LHe_Cu100	ecarte	revue_anterieure_ambigu	revue_anterieure	visual_review_ambiguous_exclude_strict: unclassified with unclear automated diagnostics; support_ell_nm=2.03; user visual review of best_plots_20240308: ambiguo	e2753551b254b0ddcd275867b893090b0cbd190a68b7fa9c0ff3d6935aa8dc87
240308_Cu100015.sxm	20240308_LHe_Cu100	ecarte	revue_anterieure_ambigu	revue_anterieure	visual_review_ambiguous_exclude_strict: unclassified with unclear automated diagnostics; support_ell_nm=2.03; user visual review of best_plots_20240308: ambiguo	405afb3961652ef1a5e608467486f416502943776b08ad81451a846902a917ff
240308_Cu100016.sxm	20240308_LHe_Cu100	ecarte	revue_anterieure_ambigu	revue_anterieure	visual_review_ambiguous_exclude_strict: unclassified with unclear automated diagnostics; support_ell_nm=1.72; user visual review of best_plots_20240308: ambiguo	c404e41dd3866fd6d1503bc36d126410892d8559e04f7df2a4c651e0da43590f
240308_Cu100017.sxm	20240308_LHe_Cu100	ecarte	molecule_coupee	auto	la zone de la molécule traverse le cadre	8f0bb4b8330974f9fdee99a1fc6b375d3bc2921d5367fbc111301467e3880c99
240308_Cu100018.sxm	20240308_LHe_Cu100	ecarte	revue_anterieure_ambigu	revue_anterieure	visual_review_ambiguous_exclude_strict: unclassified with unclear automated diagnostics; ambiguous_eff=true; support_ell_nm=2.20; user visual review of best_plo	79a3df19301392c28f97f0e0443a7b44d6f7b021dd90f99e6cb96c0cf7e39491
240308_Cu100019.sxm	20240308_LHe_Cu100	ecarte	revue_anterieure_ambigu	revue_anterieure	visual_review_ambiguous_exclude_strict: unclassified with unclear automated diagnostics; ambiguous_eff=true; support_ell_nm=2.21; user visual review of best_plo	b9ce47e7a4534c395015a7b9d9f830e154ad001762494555bdb77cc67963d238
240308_Cu100020.sxm	20240308_LHe_Cu100	ecarte	molecule_coupee	auto	la zone de la molécule traverse le cadre	e39a6c1a275bf1b052ef6def9ea6b4f96f9011a1bba21f4413c85ca8b585b3b3
240308_Cu100021.sxm	20240308_LHe_Cu100	ecarte	molecule_coupee	auto	la zone de la molécule traverse le cadre	698aa676639587e28935b7d392d519deb1767b494894666f9a8e5a20be9e7710
240308_Cu100022.sxm	20240308_LHe_Cu100	ecarte	molecule_coupee	auto	la zone de la molécule traverse le cadre	3d1128ddc78d06ae2ecbe100987d1babdf5c2c5d901cf2e2a04ac17186ea8247
240308_Cu100023.sxm	20240308_LHe_Cu100	ecarte	molecule_coupee	auto	la zone de la molécule traverse le cadre	21ebe1ff7ca3321e784ddb87747aeb5422410debf94fd9afdc1773160021ccff
240308_Cu100024.sxm	20240308_LHe_Cu100	ecarte	molecule_coupee	auto	la zone de la molécule traverse le cadre	3ca1c2d61b87090d0c1524ebd23136846ffa79b57368563327c7799c51f1cb98
240308_Cu100025.sxm	20240308_LHe_Cu100	ecarte	revue_anterieure_ambigu	revue_anterieure	visual_review_ambiguous_exclude_strict: unclassified but selected N=6; ambiguous_eff=true; support_ell_nm=3.77; user visual review marked ambiguous; do not use 	12c16287943cd7ec6d2b1c64c9707747d3236ee564d59156151ca4f7d8ee9497
240308_Cu100026.sxm	20240308_LHe_Cu100	ecarte	molecule_coupee	auto	la zone de la molécule traverse le cadre	4432e7821f37fe4bf11164a12b15975803beede064a0277c8f3755dc1520f31d
240308_Cu100027.sxm	20240308_LHe_Cu100	ecarte	molecule_coupee	auto	la zone de la molécule traverse le cadre	b16160d6a4450178d13e04437bca5e071c7c9d1b57cdcdac410bf30289b5c438
240308_Cu100028.sxm	20240308_LHe_Cu100	ecarte	molecule_coupee	auto	la zone de la molécule traverse le cadre	488b0a62ff24a0ce6a801429f6e278d2697f170c96a968a2043f223b9f044bdb
240308_Cu100029.sxm	20240308_LHe_Cu100	ecarte	molecule_coupee	auto	la zone de la molécule traverse le cadre	790c47a7713dcafbdf4edd24f2249ce83a53c85fceaf12fa0c3de7c936024c86
240308_Cu100030.sxm	20240308_LHe_Cu100	ecarte	molecule_coupee	auto	la zone de la molécule traverse le cadre	d1c045d611fe53a38ab05340b6ca70df387ecf83a662a5de2296244db98c987a
240308_Cu100031.sxm	20240308_LHe_Cu100	ecarte	molecule_coupee	auto	la zone de la molécule traverse le cadre	3d1f4258561c74f9f339020a1bcc94301e9c70fd94f9f32bcbd221200b5e42d8
240308_Cu100032.sxm	20240308_LHe_Cu100	ecarte	molecule_coupee	auto	la zone de la molécule traverse le cadre	3b4aae56564c308315a61b2d16b078758b31c64ea7130c64596abb2114a5209e
240308_Cu100033.sxm	20240308_LHe_Cu100	ecarte	molecule_coupee	auto	la zone de la molécule traverse le cadre	ff4aeb79845b4781be1717956065b425a795ee0372e813b0981265200ed0fbc1
240308_Cu100034.sxm	20240308_LHe_Cu100	ecarte	vue_large	auto	cadre 60.00x60.00 nm > 20 nm	41150427c9a1de412dd486519da4c7aeec101b95b689d29498eed8dd1dd1d100
240308_Cu100035.sxm	20240308_LHe_Cu100	ecarte	revue_anterieure_ambigu	revue_anterieure	visual_review_ambiguous_exclude_strict: unclassified selected N=7, near 6; support_ell_nm=4.82; user visual review marked ambiguous; do not use in strict classi	2d46f0f7fb4e765d20d6b45d5667180c442222e5bca183aca4617c788b6061d4
240308_Cu100036.sxm	20240308_LHe_Cu100	ecarte	revue_anterieure_ambigu	revue_anterieure	visual_review_ambiguous_exclude_strict: unclassified with unclear automated diagnostics; support_ell_nm=5.41; user visual review of best_plots_20240308: ambiguo	8c63d0d02e9da7de696b205cb725536fc646f9c73f72255050511847b8246356
240308_Cu100037.sxm	20240308_LHe_Cu100	ecarte	vue_large	auto	cadre 40.00x40.00 nm > 20 nm	d145d9ae432536dceae97b1de61ffe2158d96c0ae3b22d777ac61cdea1a499f5
240308_Cu100038.sxm	20240308_LHe_Cu100	ecarte	vue_large	auto	cadre 40.00x40.00 nm > 20 nm	6bcd5cf726d95b6f327340104fcccf15c7e4c2ed955dd792b427e9c4ec8dc7f0
240308_Cu100039.sxm	20240308_LHe_Cu100	ecarte	vue_large	auto	cadre 40.00x40.00 nm > 20 nm	ae2c911c35cf0d1bde986fa0bac1b2074bbd915b8ff8acfeea98e45e1baf7c65
240308_Cu100040.sxm	20240308_LHe_Cu100	ecarte	vue_large	auto	cadre 60.00x60.00 nm > 20 nm	5b8b3f29b3a6fd12c0cf37e6f0b08c424432f7f2caf7b1a7f91cc670bdd05446
240308_Cu100041.sxm	20240308_LHe_Cu100	ecarte	vue_large	auto	cadre 60.00x60.00 nm > 20 nm	0ae1bafe8f2c9bcaf6befc2f64a084ee63038cc927f609713d3e06fb735a1df7
240308_Cu100042.sxm	20240308_LHe_Cu100	ecarte	vue_large	auto	cadre 80.00x80.00 nm > 20 nm	38f7babb88f8a27f1de391cc7db40e17fb85213e52144b0640bf4c7109cea2c2
240308_Cu100043.sxm	20240308_LHe_Cu100	ecarte	vue_large	auto	cadre 100.00x100.00 nm > 20 nm	1702db25565e1e7a1932641dd011cdbc2b366bf82c29d75b4c1e436cce183a57
240308_Cu100044.sxm	20240308_LHe_Cu100	ecarte	vue_large	auto	cadre 100.00x100.00 nm > 20 nm	1a9951e92496822e269a89200c6ef6a86835207ed9f934f083994da8cf5682fd
240308_Cu100045.sxm	20240308_LHe_Cu100	ecarte	vue_large	auto	cadre 60.00x60.00 nm > 20 nm	4a579c6d377c4c493e55383a56626410d5b53e4d4aae91518af0a929a10555cb
240308_Cu100046.sxm	20240308_LHe_Cu100	ecarte	vue_large	auto	cadre 60.00x60.00 nm > 20 nm	eb51f6de087ab1de532498d7abd96f95235e002ed67efcc639a36dfd3e688d13
240308_Cu100047.sxm	20240308_LHe_Cu100	ecarte	pas_de_molecule	premier_tri_assistant	scan interrompu, pas de molécule visible	56f24fccd95fc4fda65c6b989f48167a48fcdcc316fa65aea6283d4ec0c93dd3
240308_Cu100048.sxm	20240308_LHe_Cu100	ecarte	revue_anterieure_ambigu	revue_anterieure	ambiguous_documented: documented ambiguous/poor/double-tip; ambiguous_eff=true; support_ell_nm=4.26	047946cc838de779c87e4d3e8567c975bfdfa971dd7cce664a7ba1cb3207e379
240308_Cu100049.sxm	20240308_LHe_Cu100	ecarte	revue_anterieure_ambigu	revue_anterieure	ambiguous_documented: documented ambiguous/poor/double-tip; ambiguous_eff=true; support_ell_nm=4.21	8387b4d5c2b2d9ed1939e42d417eca2d1367126d585ab535aa1f3da53f82528a
240308_Cu100050.sxm	20240308_LHe_Cu100	ecarte	revue_anterieure_ambigu	revue_anterieure	ambiguous_documented: documented ambiguous/poor/double-tip; ambiguous_eff=true; support_ell_nm=3.99	4baae1377e02cbdabd63af3562cd0f87e129d004cac5b726ff486da16ad676a0
240308_Cu100051.sxm	20240308_LHe_Cu100	ecarte	revue_anterieure_ambigu	revue_anterieure	ambiguous_documented: documented ambiguous/poor/double-tip; ambiguous_eff=true; support_ell_nm=4.00	aecaadd5b8225e2c190532d98a43d7077e16c52035074f19adfaabb06cce8d0e
240308_Cu100052.sxm	20240308_LHe_Cu100	ecarte	revue_anterieure_ambigu	revue_anterieure	ambiguous_documented: documented ambiguous/poor/double-tip; ambiguous_eff=true; support_ell_nm=4.28	75c34d06686abb5d683d623015c2f23844048ddf7e1bc782f11ecaa46ecccfa7
240308_Cu100053.sxm	20240308_LHe_Cu100	ecarte	revue_anterieure_ambigu	revue_anterieure	ambiguous_documented: documented ambiguous/poor/double-tip; ambiguous_eff=true; support_ell_nm=4.04	50a3bf4e2dd66352089581b661955d0dcc4b7d5bc2230143cc2ae589e414e9f8
240308_Cu100054.sxm	20240308_LHe_Cu100	ecarte	revue_anterieure_ambigu	revue_anterieure	ambiguous_documented: documented ambiguous/poor/double-tip; ambiguous_eff=true; support_ell_nm=3.76	cc00d066aeb537c642e2a071f4e11961623e860da5c40c46fa8d9c91765a310f
240308_Cu100055.sxm	20240308_LHe_Cu100	ecarte	vue_large	auto	cadre 50.00x50.00 nm > 20 nm	5aec5c1dc9b153cd991b8ca5b0067f42b827bbb300094406d343d40365e2205c
240308_Cu100056.sxm	20240308_LHe_Cu100	ecarte	vue_large	auto	cadre 80.00x80.00 nm > 20 nm	7dbd75889afba69defe11fe6394a601e4fd7bd9d50920b71677036bb0ea49ed4
240308_Cu100057.sxm	20240308_LHe_Cu100	ecarte	revue_anterieure_ambigu	revue_anterieure	visual_review_ambiguous_exclude_strict: unclassified with unclear automated diagnostics; support_ell_nm=3.05; user visual review of best_plots_20240308: ambiguo	eaeb527a63d716ba0edbfcc2e980f1fa6a82dafd59124b537336dff9ec5af294
240308_Cu100058.sxm	20240308_LHe_Cu100	ecarte	vue_large	auto	cadre 50.00x50.00 nm > 20 nm	b1562d310cd7df6d66aa911ba70f5f912859a6037a42c30e872427278a9fce31
240308_Cu100059.sxm	20240308_LHe_Cu100	ecarte	vue_large	auto	cadre 30.00x30.00 nm > 20 nm	879a0608a69d66a617b48e7ef24c511cf774b3052a24efb1e7b9fa3d876b5cb3
240308_Cu100060.sxm	20240308_LHe_Cu100	ecarte	vue_large	auto	cadre 30.00x30.00 nm > 20 nm	16f681c77ecade00f52a084f9f687665ce467f5a4e74cfe5dddc9cd29f6c972c
240308_Cu100061.sxm	20240308_LHe_Cu100	ecarte	vue_large	auto	cadre 80.00x80.00 nm > 20 nm	de126ae7332b6ed969994b01ff6c07ac28c26f5f211000577b2c8de3bbb337bf
240308_Cu100062.sxm	20240308_LHe_Cu100	ecarte	vue_large	auto	cadre 60.00x60.00 nm > 20 nm	90dd6ef7048317ba8c6c87f2657d8537e141d4258a6681c09929370d5595d6aa
240308_Cu100063.sxm	20240308_LHe_Cu100	ecarte	vue_large	auto	cadre 60.00x60.00 nm > 20 nm	1f5aae09060ed2c49a12f8eda545ea43e0da1a7d91b24acfd2f108b13dac842b
240308_Cu100064.sxm	20240308_LHe_Cu100	ecarte	vue_large	auto	cadre 30.00x30.00 nm > 20 nm	001fcdfdaacf1cea46d08b6303afdb3fa8c0e70a67076926d3107f557881f2af
240308_Cu100065.sxm	20240308_LHe_Cu100	ecarte	vue_large	auto	cadre 30.00x30.00 nm > 20 nm	9413b11580311769c85ebc5219f79ef0ef22f62781205ae4ba09354f79e6bfb1
240308_Cu100066.sxm	20240308_LHe_Cu100	ecarte	vue_large	auto	cadre 30.00x30.00 nm > 20 nm	a8fb2c2977bc13b76a436c7b4014f1686b842f8ab7992b0c57540a8049c7eb73
240308_Cu100067.sxm	20240308_LHe_Cu100	ecarte	revue_anterieure_ambigu	revue_anterieure	visual_review_exclude_bad_scan: unclassified selected N=5, near 6; support_ell_nm=10.16; user visual review marked bad scan/exclude on 2026-06-30	5579c17442f90485e569a70e2c418a928b8ce98665787b481f96b20a3c763211
240308_Cu100068.sxm	20240308_LHe_Cu100	ecarte	plusieurs_objets	premier_tri_assistant	objet sur une marche, non isolé	cef81afb67145bd3b04daa3f948d7d1282c59bf8c2ccdbdf37f8b0d1958ad05c
240308_Cu100069.sxm	20240308_LHe_Cu100	ecarte	pas_de_molecule	premier_tri_assistant	scan interrompu	f25697e72862336e74a56510009d92725bfff0b89dc6b9ddfa7662b9591d17b0
240308_Cu100070.sxm	20240308_LHe_Cu100	ecarte	pas_de_molecule	premier_tri_assistant	scan interrompu	524c71684292f7695fccc8cf2fac68517cc9223a5e913d9b8d8f2d52efd83584
240308_Cu100071.sxm	20240308_LHe_Cu100	ecarte	pas_de_molecule	premier_tri_assistant	scan interrompu	76c7443675849519c5d7e9da25d4528efe7557ba07c741bc11f1158d62b1e450
240308_Cu100072.sxm	20240308_LHe_Cu100	ecarte	revue_anterieure_ambigu	revue_anterieure	visual_review_ambiguous_exclude_strict: unclassified but selected N=6; ambiguous_eff=true; support_ell_nm=4.61; user visual review marked ambiguous; do not use 	936e0e1951bcd7ca6cb8d8c0ebf9bd943cf4d734b88e79ddf765ba619bfff9fe
240308_Cu100073.sxm	20240308_LHe_Cu100	ecarte	vue_large	auto	cadre 90.00x90.00 nm > 20 nm	97fc6081287741efa341e807c2f4ab58972153595a54b42343e488d8e9a91de6
240308_Cu100074.sxm	20240308_LHe_Cu100	ecarte	vue_large	auto	cadre 60.00x60.00 nm > 20 nm	483c51e44324261c70b7d1a2a9065ccb7a244854de8ed3964737b0d400f11833
240308_Cu100075.sxm	20240308_LHe_Cu100	ecarte	vue_large	auto	cadre 60.00x60.00 nm > 20 nm	d2f7ffaeac5594bc1b2e459f6511cc477647f31a477708ef17f5fc326389e595
240308_Cu100076.sxm	20240308_LHe_Cu100	ecarte	vue_large	auto	cadre 30.00x30.00 nm > 20 nm	13694972dafbe3f7551225a2dbb02f90f3f543d2f57f8a731f5bcc4a12d9078f
240308_Cu100077.sxm	20240308_LHe_Cu100	ecarte	vue_large	auto	cadre 30.00x30.00 nm > 20 nm	bca9b1082f0535b1da645704f2a3ba215079648c27591fce1c433c8107083880
240308_Cu100078.sxm	20240308_LHe_Cu100	ecarte	revue_anterieure_ambigu	revue_anterieure	ambiguous_documented: documented ambiguous/poor/double-tip; ambiguous_eff=true; support_ell_nm=4.82	aae181c48fa73731d5f9523a6f05f195777129b21ac634227965642fcef3d5a5
240308_Cu100079.sxm	20240308_LHe_Cu100	ecarte	revue_anterieure_ambigu	revue_anterieure	ambiguous_documented: documented ambiguous/poor/double-tip; ambiguous_eff=true; support_ell_nm=4.82	4772f74e5cebeddd31101d8590898050835b3da30cc68784316507a97ef5d3c4
240308_Cu100080.sxm	20240308_LHe_Cu100	ecarte	revue_anterieure_ambigu	revue_anterieure	ambiguous_documented: documented ambiguous/poor/double-tip; ambiguous_eff=true; support_ell_nm=5.25	48939c9848d00d79fd7875c9e50049c6a358904a10393cff1a860519a3923d3c
240308_Cu100081.sxm	20240308_LHe_Cu100	ecarte	revue_anterieure_ambigu	revue_anterieure	visual_review_ambiguous_exclude_strict: unclassified but selected N=6; ambiguous_eff=true; support_ell_nm=5.30; user visual review marked ambiguous; do not use 	adc5a497786bbbaa81151f8d2e8d3f84daa20c9ab4b176a71c6d7115087e3e4f
240308_Cu100082.sxm	20240308_LHe_Cu100	ecarte	pas_6mere_long	premier_tri_assistant	chaîne longue (ROI 9.4 nm)	695a81a377ccd5ae053b496833bd948fbe951ba3d6ded2f8cf9cb42f37f33ac3
240308_Cu100083.sxm	20240308_LHe_Cu100	ecarte	vue_large	auto	cadre 90.00x90.00 nm > 20 nm	a2be89725d2096a9513742997f80b2208614a3d1f50987b27d25d8623c21f37f
240308_Cu100084.sxm	20240308_LHe_Cu100	ecarte	vue_large	auto	cadre 50.00x50.00 nm > 20 nm	983209d19e7c840b50563bb63779f9b615ee878bd8a1a02d522e761293d4fec5
240308_Cu100085.sxm	20240308_LHe_Cu100	ecarte	revue_anterieure_ambigu	revue_anterieure	visual_review_ambiguous_exclude_strict: unclassified with unclear automated diagnostics; ambiguous_eff=true; support_ell_nm=3.13; user visual review of best_plo	f34395ec9cafccd47f95fc7467b8e19c4abe80e0453679160ffd89210b7896b0
240308_Cu100086.sxm	20240308_LHe_Cu100	ecarte	molecule_coupee	auto	la zone de la molécule traverse le cadre	21626ab781d0f274d5bf66f8193d8511198234e76d2ff473e058a25a214432d2
240310_Cu100001.sxm	20240310_LHe_Cu100	ecarte	vue_large	auto	cadre 40.00x40.00 nm > 20 nm	a012a953d3679b4782d38fd7c5d3b0ca868279bf8354151d1f0b89e714ae6b99
240310_Cu100002.sxm	20240310_LHe_Cu100	ecarte	molecule_coupee	premier_tri_assistant	coupée par le bord / zone non scannée	7862515bf5602b1b1006aa3a370a7e1b11c5608b1453b00803805d8599bfe0f7
240310_Cu100003.sxm	20240310_LHe_Cu100	ecarte	molecule_coupee	premier_tri_assistant	touche la zone non scannée	b2b7b8cfc826b308fad572d9f00f6ad2a74ea70fb7f84ca2412b66de39575ca2
240310_Cu100004.sxm	20240310_LHe_Cu100	ecarte	molecule_coupee	premier_tri_assistant	au bord de la zone observée	7f7762de183287ec6dbefb7c2a612d90625a7f0939b537084d34de5cc62deaa5
240310_Cu100005.sxm	20240310_LHe_Cu100	garde		premier_tri_assistant		d3778a2a24293fb38ed238959222eb24411f381076ba1858835995559c0d2410
240310_Cu100006.sxm	20240310_LHe_Cu100	garde		benchmark_actuel		0ca9a0f9d3a2fceaf72799afa94e074ceeb4de68d20e41877d5f543d47be7f03
240310_Cu100007.sxm	20240310_LHe_Cu100	garde		benchmark_actuel		0819018fc886ee2baff18f2dc7bc69f243ae40b43630c521b9ba2317a9c539a4
240310_Cu100008.sxm	20240310_LHe_Cu100	ecarte	molecule_coupee	premier_tri_assistant	dans le coin, coupée	135408faffb07bbefca5b6a0c67589eac98794afb73aa9983338fc1ba76f5d49
240310_Cu100009.sxm	20240310_LHe_Cu100	garde		revue_anterieure	accepté visuellement (revue antérieure), hors manifeste 145	985f23f51b81bb5e24c42d52930d15a2c2fb64dec2419ff08ba461e5b560f1fd
240310_Cu100010.sxm	20240310_LHe_Cu100	garde		premier_tri_assistant	même série que 240310_Cu100009	0192686ac150d2775d6c87d62dc8b113c36202ca6af15a637f68cb16445e9f73
240310_Cu100011.sxm	20240310_LHe_Cu100	ecarte	vue_large	auto	cadre 80.00x80.00 nm > 20 nm	6a739b5518db77cf3e1705588f00c57509e1f3194d5cbb063ebdf88199ace5ea
240310_Cu100012.sxm	20240310_LHe_Cu100	ecarte	vue_large	auto	cadre 100.00x100.00 nm > 20 nm	3c66dc47bd5d98c2a78e44f5462a1ddbcaf6eac8513f8f8c6a81b9696301b134
240310_Cu100013.sxm	20240310_LHe_Cu100	ecarte	incertain	premier_tri_assistant	floue et allongée (ROI 4.7 nm)	dd28678236d983354b069eca563e14ecc2de4dfc8619e66dfb9f201b282fe5bb
240310_Cu100014.sxm	20240310_LHe_Cu100	ecarte	incertain	premier_tri_assistant	floue et allongée (ROI 4.7 nm)	544cb60267e57ea039140008a5a15719e8f3b37f2ce46a5d688a8f78689f9a3a
240310_Cu100015.sxm	20240310_LHe_Cu100	ecarte	incertain	premier_tri_assistant	floue et allongée (ROI 4.6 nm)	e4ad15e33fd73075872070e2e8c1b65be6d93ccfc252e239c5d8e92e0ba79116
240310_Cu100016.sxm	20240310_LHe_Cu100	ecarte	incertain	premier_tri_assistant	floue et allongée (ROI 4.65 nm)	e5eb3be2f40fdaf3220d59b4f30457d27ed5c62234113524bacd46e620836ad4
240310_Cu100017.sxm	20240310_LHe_Cu100	ecarte	incertain	premier_tri_assistant	occupe toute la hauteur du cadre 5 nm, extrémités peut-être coupées	3b7a01ad3037f55d3667832ee997e0682bc79faa74708d20ca7b838cce5d49df
240310_Cu100018.sxm	20240310_LHe_Cu100	ecarte	incertain	premier_tri_assistant	occupe toute la hauteur du cadre 5 nm, extrémités peut-être coupées	b3e72227e31a89a0f7b6e890949eb5314208dc4cdd959158600a0fee910ea976
240310_Cu100019.sxm	20240310_LHe_Cu100	ecarte	incertain	premier_tri_assistant	occupe toute la hauteur du cadre 5 nm, extrémités peut-être coupées	16f0a83c6bce4505c6b7e8b394df0556463a98b984ff4fd9a8714f9623ab3ba8
240310_Cu100020.sxm	20240310_LHe_Cu100	garde		premier_tri_assistant		f3d8d0fb55ad4882984b91e042589706e252917bcd36a560bbfcf21d313ebcf8
240310_Cu100021.sxm	20240310_LHe_Cu100	garde		premier_tri_assistant		e63d4f76ff28a60aae4d2c468fedb6e7248e6a5095b831838767aa69cf5db885
240310_Cu100022.sxm	20240310_LHe_Cu100	garde		premier_tri_assistant		3c63ba8163b6e37f60de9c98ae5569fb9805c4cc248af8d798b4233f59eab371
240310_Cu100023.sxm	20240310_LHe_Cu100	garde		premier_tri_assistant		11aded88c306bc6045ea609a528c31ca120a38940500f552d0775df0726f8df5
240310_Cu100024.sxm	20240310_LHe_Cu100	ecarte	vue_large	auto	cadre 100.00x100.00 nm > 20 nm	fc7fe805ee63eff8f14e9198d1618ed07c78e735f96057941eed7697d9bf2d75
240310_Cu100025.sxm	20240310_LHe_Cu100	ecarte	vue_large	auto	cadre 100.00x100.00 nm > 20 nm	87d24db6cb3a5ad15ce0468242a0959f0f92b8f474bd4366fb534b5cf7594b71
240310_Cu100026.sxm	20240310_LHe_Cu100	ecarte	vue_large	auto	cadre 80.00x80.00 nm > 20 nm	a30881e70cc8f735b273ec0e7f2d1aa0ad8c6f7f9056e6268bdf908ffbb3dd42
240310_Cu100027.sxm	20240310_LHe_Cu100	ecarte	vue_large	auto	cadre 30.00x30.00 nm > 20 nm	edebd194aca60c80e457a6a0b8e301e90071d10da22091142b5da741fe9e6fec
240310_Cu100028.sxm	20240310_LHe_Cu100	ecarte	vue_large	auto	cadre 30.00x30.00 nm > 20 nm	39deeece98793038f1e89051b65cdd18151cad03ee56ac4c4fdb3dc4f4fd2d0a
240310_Cu100029.sxm	20240310_LHe_Cu100	ecarte	molecule_coupee	premier_tri_assistant	au bord de la zone observée	6b688d6241b2239c03a75641af55ab391e968a22f4a8e5883f24e72e63dd66e6
240310_Cu100030.sxm	20240310_LHe_Cu100	ecarte	molecule_coupee	premier_tri_assistant	au bord de la zone observée	3a27d86912e3bf9c2abcc72f6f434c3e17d22aac7af0a6e4ce412539c39ba36a
240310_Cu100031.sxm	20240310_LHe_Cu100	garde		premier_tri_assistant		1d731d2cc945f3837bcca7e3801cdb27efd3b618a88e086ef8d82ac7169372f8
240310_Cu100032.sxm	20240310_LHe_Cu100	garde		benchmark_actuel		bda0019c6966b1e3b95aaa20bc4f9a8886132ad9585d3782ae7df40d6e1b5b45
240310_Cu100033.sxm	20240310_LHe_Cu100	garde		premier_tri_assistant		3524ddd1585ac64f54d43ea7e2ed1fa9dbe187866c8a67591953181c7389345b
240310_Cu100034.sxm	20240310_LHe_Cu100	ecarte	molecule_coupee	premier_tri_assistant	au bord supérieur du cadre	0b8e8108940c60f1896c4d1a3c3439fc0bc3af31e0c0226d2e032006280f60c1
240310_Cu100035.sxm	20240310_LHe_Cu100	garde		premier_tri_assistant		69e4afc58e72e50f7ea34f951d256cec593a507d3913f7dda42eb6e5ccb6a3a2
240310_Cu100036.sxm	20240310_LHe_Cu100	garde		premier_tri_assistant		8775acf5ca390411ceccc2e1d36cbdd9c74bed3dc922538d854e167d7145cca6
240310_Cu100037.sxm	20240310_LHe_Cu100	ecarte	plusieurs_objets	premier_tri_assistant	deux chaînes côte à côte	8b89576aa0bd209a20554b0f0017afe028ed37d6fd052ef866cb6367c5253a5a
240310_Cu100038.sxm	20240310_LHe_Cu100	ecarte	molecule_coupee	auto	la zone de la molécule traverse le cadre	bab63bb058f805028406a0b363122b2f3e48edc91fd6f502db1e72d28d6ef31b
240310_Cu100039.sxm	20240310_LHe_Cu100	ecarte	vue_large	auto	cadre 100.00x100.00 nm > 20 nm	aa3e870d55315b1f96c05557d2016fe9c4078526898924222ce72199f11f4125
240310_Cu100040.sxm	20240310_LHe_Cu100	ecarte	vue_large	auto	cadre 60.00x60.00 nm > 20 nm	63d7d0fe883a47d49d7fa17009b5bccd682e8fb4d0babfdb361e431585963c30
240310_Cu100041.sxm	20240310_LHe_Cu100	ecarte	molecule_coupee	auto	la zone de la molécule traverse le cadre	5c0068ec16b79ee4013d9522cecf74e97d8edfde1e63668329cb4bc561e7b4c9
240310_Cu100042.sxm	20240310_LHe_Cu100	ecarte	molecule_coupee	auto	la zone de la molécule traverse le cadre	d9ad093fcdc2e82ec98afcb3ee32a37c782a5180d3abdf3d03578ac688c6b3bc
240310_Cu100043.sxm	20240310_LHe_Cu100	ecarte	vue_large	auto	cadre 100.00x100.00 nm > 20 nm	3f31ecaf623e1ad5318ee987924f652a43b677a4b164dab56ae0ded3402f658d
240310_Cu100044.sxm	20240310_LHe_Cu100	ecarte	vue_large	auto	cadre 100.00x100.00 nm > 20 nm	e7389482e4cff4bc2cc949eb84389902852b6a2eabeb0dd5387de658a6836041
240310_Cu100045.sxm	20240310_LHe_Cu100	ecarte	molecule_coupee	premier_tri_assistant	au bord de la zone observée	0c8a893042de710965c72226bf623709bd714b4e3499ad24ee202c978d127f6b
240310_Cu100046.sxm	20240310_LHe_Cu100	garde		premier_tri_assistant		174169a9fe27a8aed2b949535a9541a0c2810f81dea9105e4d41fd7a3ba60a22
240310_Cu100047.sxm	20240310_LHe_Cu100	garde		premier_tri_assistant		4e90e9ad87a8e214faa97d85550894de9cb9af7e0d90fbabbdae86fcac44a35a
240310_Cu100048.sxm	20240310_LHe_Cu100	garde		premier_tri_assistant		6e635cdb9e15a0f994134ccaecbeb5904ed31899d621418b14c78db4662a8ff5
240310_Cu100049.sxm	20240310_LHe_Cu100	garde		premier_tri_assistant		9460d164ec9c922c7aa23b4aaa981f9f34b87aa4d7354c81fbb9c4fcbdbfec30
240310_Cu100050.sxm	20240310_LHe_Cu100	ecarte	incertain	premier_tri_assistant	discontinuité de ligne au milieu de la molécule	23353805dfbbe8092ab579ef0e6088a1007d23f3ebf6cbb5c6ca8c18a3321308
240310_Cu100051.sxm	20240310_LHe_Cu100	garde		premier_tri_assistant		1ee7a87516a826b3199f36be146d606feec959dbb0321e7c3423caff776fb188
240310_Cu100052.sxm	20240310_LHe_Cu100	garde		premier_tri_assistant		8cc31fff3c6d7e216b4de59eed7d4d1a0d4efed2d01840edd083c5846fa4e54a
240310_Cu100053.sxm	20240310_LHe_Cu100	garde		premier_tri_assistant		adfc2ead7a34b2c3ebbf74bbed4b7631c3e14f30e986add8527c64e603b5ad0d
240310_Cu100054.sxm	20240310_LHe_Cu100	ecarte	molecule_coupee	premier_tri_assistant	seule une partie est scannée	756ad0b327254a488f9870386b46c9bd3a98fcd0bf8fb0c47316032716be441f
240310_Cu100055.sxm	20240310_LHe_Cu100	ecarte	vue_large	auto	cadre 100.00x100.00 nm > 20 nm	e03227738d7f54143114ba89905646a8b3efc3bb9371afdc013bdc710bede054
240310_Cu100056.sxm	20240310_LHe_Cu100	ecarte	vue_large	auto	cadre 30.00x30.00 nm > 20 nm	84b3f5808df970029c73c4e240c93125e775d0b72b88fd90b6ef8707351c6d1b
240310_Cu100057.sxm	20240310_LHe_Cu100	garde		premier_tri_assistant		860deb0a8116daa7f6019799b0ed73de8e092f15d0cd2d411b8de69d44a27c97
240310_Cu100058.sxm	20240310_LHe_Cu100	ecarte	molecule_coupee	premier_tri_assistant	touche la zone non scannée	0ae19f748fb08de02cfb55c899211b5ba40e31df56c71bdcca8ea7142e29c5a9
240310_Cu100059.sxm	20240310_LHe_Cu100	garde		premier_tri_assistant		5e6b9b442c991ef76e53b54759bbaf2156d1611760503813d7799f19b72a53d8
240310_Cu100060.sxm	20240310_LHe_Cu100	ecarte	vue_large	auto	cadre 100.00x100.00 nm > 20 nm	cbf23b6e04da55564b1cc5e50de67e34467e72ef86efc256493bb228a7b4e1e9
240310_Cu100061.sxm	20240310_LHe_Cu100	ecarte	molecule_coupee	auto	la zone de la molécule traverse le cadre	e9a3b1837ba22065eed298e45484821a7b8d183bcb9821175e04fc595919730c
240310_Cu100062.sxm	20240310_LHe_Cu100	ecarte	plusieurs_objets	premier_tri_assistant	chaîne et crochet (ROI 7.9 nm)	67bf1bf67818ab021019c3ed36e1db6c6c471cc04eb8c84a7711c592136c4928
240310_Cu100063.sxm	20240310_LHe_Cu100	ecarte	molecule_coupee	auto	la zone de la molécule traverse le cadre	6fb880c79ca9412db3ca95cdb19701fef1e3977c9a2084ef8f83e01967c394d7
240310_Cu100064.sxm	20240310_LHe_Cu100	garde		premier_tri_assistant		f6a88f6650b62a280880141385cc80742feaf462f1e407a6fd7b9ea02b36d913
240310_Cu100065.sxm	20240310_LHe_Cu100	ecarte	vue_large	auto	cadre 100.00x100.00 nm > 20 nm	3b1e5feb95793e252e2056827b8f7493a63db80025748139253ac4a9a4a74857
240311_Cu100001.sxm	20240311_LHe_Cu100	ecarte	vue_large	auto	cadre 100.00x100.00 nm > 20 nm	9130a938c54deeeb90897edae12adab7d9c242f236dea8ab9c37a1d41c105ece
240311_Cu100002.sxm	20240311_LHe_Cu100	ecarte	vue_large	auto	cadre 100.00x100.00 nm > 20 nm	9ce275d1cc45cdcecdaf1590fa6ff67e22f29815febe8620650080f949470b1a
240311_Cu100003.sxm	20240311_LHe_Cu100	ecarte	pas_de_molecule	premier_tri_assistant	scan interrompu, bruit	953a86cf446221c913299ba73f27680dd8572a70245c0841239a4d21c0f1b9c3
240311_Cu100004.sxm	20240311_LHe_Cu100	ecarte	vue_large	auto	cadre 80.00x80.00 nm > 20 nm	4066f7478318325f7ae8c8206d9c9bcea4b9dc5f18cb57c098b54580a630facb
240311_Cu100005.sxm	20240311_LHe_Cu100	ecarte	vue_large	auto	cadre 80.00x80.00 nm > 20 nm	5b48a2cb087c3692516ede11429a214b6281908d423abc78e85b350d6979354c
240311_Cu100006.sxm	20240311_LHe_Cu100	ecarte	vue_large	auto	cadre 80.00x80.00 nm > 20 nm	e7503ba90d35ecddbae7c00e2806170feeff930db8933dab40beb30e0531cde2
240311_Cu100007.sxm	20240311_LHe_Cu100	ecarte	vue_large	auto	cadre 30.00x30.00 nm > 20 nm	9b1e8c710835fa0bb4298aabf32f1a0fa8bfe7c93c7f819f13223af0d2d8cb69
240311_Cu100008.sxm	20240311_LHe_Cu100	ecarte	plusieurs_objets	premier_tri_assistant	chaîne contre un autre objet	7a702398695c94f0e59f599724362ab955a25bb4a634b019615c0769997c43e4
240311_Cu100009.sxm	20240311_LHe_Cu100	ecarte	artefact_pointe	premier_tri_assistant	stries et sauts de ligne sur la molécule	2cafdfc08ab575214d5b25877ad0618ad3ebf769a617e2e4a28c700a4a487725
240311_Cu100010.sxm	20240311_LHe_Cu100	ecarte	vue_large	auto	cadre 80.00x80.00 nm > 20 nm	d11c77ee2c5104a28792e8eb672515c3b7e8191e99b671e3fd22f6ba7784a72f
240311_Cu100011.sxm	20240311_LHe_Cu100	ecarte	vue_large	auto	cadre 80.00x80.00 nm > 20 nm	cb47b2213a24f31110d6ca5e025a573ffe3c1816f9615b233f35504a2f063953
240311_Cu100012.sxm	20240311_LHe_Cu100	ecarte	molecule_coupee	auto	la zone de la molécule traverse le cadre	37528feb692c8b669d2dde266ae5a4d7d5fd2665a217a1b67076aa574b8ddb53
240311_Cu100013.sxm	20240311_LHe_Cu100	garde		premier_tri_assistant		d3c465521def23caf0b14c5ba87b31736400b658dfd77079bbc6562236c6a46f
240311_Cu100014.sxm	20240311_LHe_Cu100	ecarte	molecule_coupee	premier_tri_assistant	touche la zone non scannée	6b31702d1d8c37d5ad0f3be76529449cdd0c520f027ed19a805151c71008d593
240311_Cu100015.sxm	20240311_LHe_Cu100	garde		premier_tri_assistant		ecc3d9143f1c1b5ec80b20f214dc555c17b4929a0dd24289ca765500e9ac4a1d
240311_Cu100016.sxm	20240311_LHe_Cu100	garde		premier_tri_assistant		0f18edec69e08c32abdd9bee191c443d135babe14bc2362da284f69fe67ccd86
240311_Cu100017.sxm	20240311_LHe_Cu100	garde		premier_tri_assistant		ef0a955ee63330a0c7fa70427d40055c69ede527c0558709ac72da3d4f7335ab
240311_Cu100018.sxm	20240311_LHe_Cu100	garde		premier_tri_assistant		ecc7be523174efd5bb277319c95a459c332fb8c62273bba149b7373157068ea7
240311_Cu100019.sxm	20240311_LHe_Cu100	ecarte	vue_large	auto	cadre 80.00x80.00 nm > 20 nm	9b0bc26f0117b93ca903c42b894212b82cf2c5f3190432533ecf028673f1be2e
240311_Cu100020.sxm	20240311_LHe_Cu100	ecarte	molecule_coupee	premier_tri_assistant	touche la zone non scannée, stries	d8bd99a10d91e99b1d657f98130418ba11dee925862af24b0ecc074e79bf5021
240311_Cu100021.sxm	20240311_LHe_Cu100	ecarte	incertain	premier_tri_assistant	objet voisin à une extrémité	da1bac23f5ce4e1814f540b4e4ce449d4aa19aab3fdf8f1ab90d820c28b89ac8
240311_Cu100022.sxm	20240311_LHe_Cu100	ecarte	incertain	premier_tri_assistant	objet voisin à une extrémité	0eb46b8bcfdd23ee234a944d91c148648c79f4abd8c00e8f9e524e5c94b20a6c
240311_Cu100023.sxm	20240311_LHe_Cu100	ecarte	molecule_coupee	premier_tri_assistant	chaîne courbe atteignant le bord observé	41a6c20a770625e35b4e4374d2812da7e7893d78a92b5593962da99e59c20b76
240311_Cu100024.sxm	20240311_LHe_Cu100	ecarte	plusieurs_objets	premier_tri_assistant	chaîne courbe longue et autre objet	9d9c28adba031b18d6dc104a43affca38d03fc35195d8fdfad531a574b5f4d94
240311_Cu100025.sxm	20240311_LHe_Cu100	ecarte	incertain	premier_tri_assistant	chaîne courbe, extrémité faible, zone striée	36d6574404f163be701afa45dce1117ca996132e2ef52c4649f2ba5c817cbecc
240311_Cu100026.sxm	20240311_LHe_Cu100	ecarte	incertain	premier_tri_assistant	chaîne courbe, extrémité faible, zone striée	c2716a83f60d7246112d89deafa50dee0bec5c3f57006a4d71de539871c22366
240311_Cu100027.sxm	20240311_LHe_Cu100	ecarte	incertain	premier_tri_assistant	chaîne courbe, extrémité faible, zone striée	d99d1762d8e7231c1397be0a5719b3e1b99d586bd747763003dab63eb534238e
240311_Cu100028.sxm	20240311_LHe_Cu100	ecarte	incertain	premier_tri_assistant	chaîne courbe, extrémité faible	9a9da869f65edcde02b929ea97931bb9ad7ea399e640335cab2eb4471c04f74e
240311_Cu100029.sxm	20240311_LHe_Cu100	ecarte	incertain	premier_tri_assistant	chaîne courbe, extrémité faible	0e6aadc07ff4abe57bce8750b9455a23a4e1583e42a09363ed442ec4bd15ad6f
240311_Cu100030.sxm	20240311_LHe_Cu100	ecarte	molecule_coupee	auto	la zone de la molécule traverse le cadre	c90a31b85ef548d133776825cb06bf82e1afff212f2b31c64eba0f096a047562
240311_Cu100031.sxm	20240311_LHe_Cu100	ecarte	molecule_coupee	auto	la zone de la molécule traverse le cadre	0423185ee9b14a5cf07abf9c8f5f1dbbbb0d473c1c383c03b9468a454d0f1633
240311_Cu100032.sxm	20240311_LHe_Cu100	ecarte	molecule_coupee	auto	la zone de la molécule traverse le cadre	a700efc275214591d2eabeb33f33763c013d4b73995aac210a868a4cab02018f
240311_Cu100033.sxm	20240311_LHe_Cu100	ecarte	molecule_coupee	auto	la zone de la molécule traverse le cadre	705fba8e4d22425e0c09918dca2c2caa404065d013f34194f166ca3dc68cb072
240311_Cu100034.sxm	20240311_LHe_Cu100	ecarte	plusieurs_objets	premier_tri_assistant	plusieurs objets enchevêtrés	42cc8ce95e5735e671bd7544b638afe94b055813841d31fb47d3c758d62a3fa0
240311_Cu100035.sxm	20240311_LHe_Cu100	ecarte	molecule_coupee	premier_tri_assistant	touche la zone non scannée	00e0c2d41dd74b463a7bc212e872f3b14bd75a99d0bdb123ad9861154df28341
240311_Cu100036.sxm	20240311_LHe_Cu100	ecarte	vue_large	auto	cadre 100.00x100.00 nm > 20 nm	b5a4fa596971c41ce4133d51b167935778344369d3a3cf03bce2d9ace171c5ed
240311_Cu100037.sxm	20240311_LHe_Cu100	garde		premier_tri_assistant		d8126eb774d39db692541e0066458c0abcf9297d0474b80eed243e4a45d473c2
240311_Cu100038.sxm	20240311_LHe_Cu100	garde		premier_tri_assistant		fadd65a754bf53896c2da6068aa963ea8d1f1485cb6a4cea53603c808f2f5204
240311_Cu100039.sxm	20240311_LHe_Cu100	garde		premier_tri_assistant		3801cccbd8ba7d9d04ce748171a0ffd5106021292ee2536137783f8a8bbe4a35
240311_Cu100040.sxm	20240311_LHe_Cu100	ecarte	artefact_pointe	premier_tri_assistant	sauts de ligne sur la molécule	d635be6e91b5d61727f25212750eeab35b44ea8eea8c7d02be8479bdbfdf256e
240311_Cu100041.sxm	20240311_LHe_Cu100	ecarte	artefact_pointe	premier_tri_assistant	sauts de ligne sur la molécule	696feb2c5c855a7a0949d048263d0bf8f48b646eed568994cf846bab921e4a48
240311_Cu100042.sxm	20240311_LHe_Cu100	ecarte	artefact_pointe	premier_tri_assistant	sauts de ligne sur la molécule	563ae0df1f5bbafdcbdc76745094f070a59105472ccc121e5d2367eb12259b60
240311_Cu100043.sxm	20240311_LHe_Cu100	garde		premier_tri_assistant		0dff305a7ce17c42e4b1fc7000eb92f83fe00ff69a9f1b0a19bbf2efc5bb5fcf
240311_Cu100044.sxm	20240311_LHe_Cu100	garde		premier_tri_assistant		49d6d741547811f16ce6e6d94909fbe3d49d0abd4c51d1c3210ae8db09853823
240311_Cu100045.sxm	20240311_LHe_Cu100	ecarte	artefact_pointe	premier_tri_assistant	sauts de ligne sur la molécule	c73b9a5455fdc920daf3f2c0e641d837fb562dcdd086e4b90bae1c67ea1ba778
240311_Cu100046.sxm	20240311_LHe_Cu100	garde		premier_tri_assistant		794d1b955ed29ec2bcd59204b62ec143650220d9370a9d19f8dcbbb3cc25117e
240311_Cu100047.sxm	20240311_LHe_Cu100	garde		premier_tri_assistant		2f7279687aa7e8796a412c6e51044a9605f30a71fe9455851f66bab950b331bf
240311_Cu100048.sxm	20240311_LHe_Cu100	garde		premier_tri_assistant		ddef8a767108afd36e93785e498481073aa12cc7e77480a030bb23380aa00ec9
240311_Cu100049.sxm	20240311_LHe_Cu100	garde		premier_tri_assistant		fcc6be58b9f6e6626ec678cee480f6ca65bd1de357b4801baff59e98bf7097f4
240311_Cu100050.sxm	20240311_LHe_Cu100	ecarte	molecule_coupee	premier_tri_assistant	scan interrompu, extrémité coupée	7a3086e470e1b4fedef218355eae0a3d279b433f91c42fca664b9e624273bdc7
240311_Cu100051.sxm	20240311_LHe_Cu100	ecarte	artefact_pointe	premier_tri_assistant	saut de ligne au milieu de la molécule	402f907f784b71d679373defc5de503e4c92ffb8728533534d8a210dc866c6de
240311_Cu100052.sxm	20240311_LHe_Cu100	garde		premier_tri_assistant	objet faible parallèle à gauche	d3e5fc324295dab9ee9cf345ba97809ecd5d455ca460f80b8f77fac50aa4a4ea
240311_Cu100053.sxm	20240311_LHe_Cu100	garde		premier_tri_assistant		23e3b44578fe8a3223150a9f529592c10e5bc3a5041d02bf8fd47abdb3e1d1ed
240311_Cu100054.sxm	20240311_LHe_Cu100	ecarte	molecule_coupee	auto	la zone de la molécule traverse le cadre	badccbfe1d38c78d701a6e1315dfe2476090f608395c0e8928100da4c4b4db0e
240311_Cu100055.sxm	20240311_LHe_Cu100	garde		premier_tri_assistant		c46e832c9dace1f15e79c5d369eb34d7a1e555980b78ead7aadb14bcf6c9e244
240311_Cu100056.sxm	20240311_LHe_Cu100	garde		premier_tri_assistant		cd8acab7f537821dad84bff9d791977210ea9240ba5800c59244b3d0420241c8
240311_Cu100057.sxm	20240311_LHe_Cu100	garde		premier_tri_assistant		4dc8af11168c8349354c2f0570b1138c9e58db3e12aa07deef7f25f5d709b781
240311_Cu100058.sxm	20240311_LHe_Cu100	garde		premier_tri_assistant		e4df39e5a455e621e4f3d0e5008d15a99c589d370ec959bf53b82013b5ddaa9e
240311_Cu100059.sxm	20240311_LHe_Cu100	garde		premier_tri_assistant		8bf70d9c69a7e2b6437e37516b0fdf73a6614b73694a15da501227dea719ed5c
240311_Cu100060.sxm	20240311_LHe_Cu100	garde		benchmark_actuel		03db8404e51c276cec830ba219cb18d2fbf6e111ce0624e3b875e815b251322b
240311_Cu100061.sxm	20240311_LHe_Cu100	garde		benchmark_actuel		9a6c66a0481d7804cde7bd468a059953919ed7097413c44a5ab0ce7d1ba4d01d
240311_Cu100062.sxm	20240311_LHe_Cu100	garde		benchmark_actuel		c22d163122a1407521298e680a366b0c94fa4731baa3cf7c435d781db1f21b6e
240311_Cu100063.sxm	20240311_LHe_Cu100	garde		benchmark_actuel		d03610ff8cddb70967b4c0682e14add14953df40aab401995af4ed7bdd23a5f9
240311_Cu100064.sxm	20240311_LHe_Cu100	garde		premier_tri_assistant		2a4db8af6ee23b4decb7ba352a129562bb108c2df67b0e1d8051cbb19fa2fd50
240311_Cu100065.sxm	20240311_LHe_Cu100	garde		premier_tri_assistant		13fc4e08dc71c6529fa56f1547908e450a1957e499bb729c9c478db25197ff8f
240311_Cu100066.sxm	20240311_LHe_Cu100	garde		premier_tri_assistant		20f9a852f5bc0a807627a0a42eb879d695236beb220642766defd7a5fe031016
240311_Cu100067.sxm	20240311_LHe_Cu100	garde		premier_tri_assistant		b1db0a9a596e76f97273ae0ffebe50d4866d1ae9862c71f21d4c6d660bcedfa3
240311_Cu100068.sxm	20240311_LHe_Cu100	garde		premier_tri_assistant		69fde1566696315aa40e1434340c4d6cdacaeb2633d3eefed6a73f4e75dc91cc
240311_Cu100069.sxm	20240311_LHe_Cu100	garde		premier_tri_assistant		bb680bb72abd4c74fb73012bd1e7f671bbfd794526b89fd54b916a428a0b329f
240311_Cu100070.sxm	20240311_LHe_Cu100	garde		premier_tri_assistant		c120806af80a3a3437d4eb24e451af41dc227259f5b479bc2e8630eff6e59c91
240311_Cu100071.sxm	20240311_LHe_Cu100	garde		premier_tri_assistant		6c6fc468038f61c8d493ac1fa43aff72a5d032759c94bc40b40010b7d005de94
240311_Cu100072.sxm	20240311_LHe_Cu100	garde		premier_tri_assistant		1eb64f5a0b60a925554e232bf75affa65ce07c54c615fbf29a6abc33d223288f
240311_Cu100073.sxm	20240311_LHe_Cu100	garde		premier_tri_assistant		f882e393c21f73748ee124092e7b3895d4c913104b3f933192000d6bee3568ff
240311_Cu100074.sxm	20240311_LHe_Cu100	ecarte	artefact_pointe	premier_tri_assistant	saut de ligne au milieu de la molécule	df2bf70ac1815e8544d1bce59d5d8773dcdf1dd30fda8336a95868aca1f9e16f
240311_Cu100075.sxm	20240311_LHe_Cu100	garde		premier_tri_assistant		829357af6e202e15a9704afcb41d07204e1c978dfd82da32dcbb09acc334f6ae
240311_Cu100076.sxm	20240311_LHe_Cu100	garde		premier_tri_assistant		f315b244c0f28eea6eec6a0e68a4d00081b398b376579feaf4304e54b9ba46c8
240311_Cu100077.sxm	20240311_LHe_Cu100	garde		premier_tri_assistant		1d0a00de3ffc8122357ef87354f16df5fbde387f3e10333db342c4e40077d474
240312_Cu100001.sxm	20240312_LHe_Cu100	ecarte	vue_large	auto	cadre 30.00x30.00 nm > 20 nm	2a763192cfba19e8ef91856763cfafd6b8efffc53a7d176794821a8318d70608
240312_Cu100002.sxm	20240312_LHe_Cu100	garde		premier_tri_assistant	molécule coudée	88496419f70accc1d84a9c36e0eeb10374e23d2cf7c755d6303115d3b500047a
240312_Cu100003.sxm	20240312_LHe_Cu100	ecarte	pas_de_molecule	premier_tri_assistant	pas de chaîne nette, objets diffus	10311fb17f4b84d0fcc01ec1e3fc549365ae75bdc65ebc2335977819e23c9847
240312_Cu100004.sxm	20240312_LHe_Cu100	ecarte	molecule_coupee	auto	la zone de la molécule traverse le cadre	c7d203834c7498816068b5b891a73f5e25638a4dd8904660062491212609b95a
240312_Cu100005.sxm	20240312_LHe_Cu100	ecarte	vue_large	auto	cadre 30.00x30.00 nm > 20 nm	db748165d2eb1c7b667750bbc855a3ab8933f2f71f4dccd7411f0b22ce0b3c9e
240312_Cu100006.sxm	20240312_LHe_Cu100	garde		premier_tri_assistant	floue	03c59a0d5119bbd6ad57c3add9fe406d297c5a48ec5e524012b47a4fee1d4028
240312_Cu100007.sxm	20240312_LHe_Cu100	ecarte	incertain	premier_tri_assistant	aller/retour discordants, partie faible à une extrémité	84b7d005ca6a88b6a21d963fa9f8572701edfed63b73c6b3887574883effde84
240312_Cu100008.sxm	20240312_LHe_Cu100	ecarte	incertain	premier_tri_assistant	aller/retour discordants, partie faible à une extrémité	3463ba4a3cc258302d078b9d02d2b5197b794077edb3146a38e6476fc4de8179
240312_Cu100009.sxm	20240312_LHe_Cu100	ecarte	incertain	premier_tri_assistant	aller/retour discordants, partie faible à une extrémité	d088d558d9349ba08bc8608dae24301291ba76ad3c58373fe39df8658a21725a
240312_Cu100010.sxm	20240312_LHe_Cu100	ecarte	incertain	premier_tri_assistant	aller/retour discordants, partie faible à une extrémité	3a6cbf7f1ea219d4b83bf404a7065b867defdacd62226597f06b62aa73a44bf5
240312_Cu100011.sxm	20240312_LHe_Cu100	ecarte	incertain	premier_tri_assistant	aller/retour discordants, partie faible à une extrémité	0ace81609c299ea5c788e73c9e7c98be904b7837221444379f7680ab71009d3d
240312_Cu100012.sxm	20240312_LHe_Cu100	ecarte	incertain	premier_tri_assistant	aller/retour discordants, partie faible à une extrémité	04309846fc82e874d3656d6b89a013fbbc4c103cef1df6d873a672a60791a021
240312_Cu100013.sxm	20240312_LHe_Cu100	ecarte	molecule_coupee	auto	la zone de la molécule traverse le cadre	46b974fc2b8c85d0cb1fd2966f5504d7877f4495b52d7dd0fa38eccab0760c2e
240312_Cu100014.sxm	20240312_LHe_Cu100	garde		premier_tri_assistant	floue, sans structure de lobes	81e7b6cad1eeb80d1ec79e3aa78583e2ab85eeae3c1487140f68f23139d6bf98
240312_Cu100015.sxm	20240312_LHe_Cu100	garde		premier_tri_assistant	floue, sans structure de lobes	395d651b09ea9d8120bea99b87b36b51df366c6dec211549ff4fa76371a092b8
240312_Cu100016.sxm	20240312_LHe_Cu100	garde		premier_tri_assistant	floue	f3e7c3d4fff3ffbc51759f22560808cef36fd5b602cc4e643982ab1815851ba9
240312_Cu100017.sxm	20240312_LHe_Cu100	garde		premier_tri_assistant	floue	5e69d705cd6409120f102f0795e49b7c1f13f2c243dadee724f47f663f198b63
240312_Cu100018.sxm	20240312_LHe_Cu100	ecarte	vue_large	auto	cadre 60.00x60.00 nm > 20 nm	b002a6abb4ade70b46e4243d8b6be3e2382459eb60e47cd38109a56026208d46
240312_Cu100019.sxm	20240312_LHe_Cu100	garde		premier_tri_assistant		d2414cb6500c15e584390eaa94ad51c059ed6291d7de282bf977b3ebadad52f9
240312_Cu100020.sxm	20240312_LHe_Cu100	garde		premier_tri_assistant		d8ff6608a31cc94513257cc7380a1fd07627fba69830818130232a27420a060c
240312_Cu100021.sxm	20240312_LHe_Cu100	garde		premier_tri_assistant		ce095c3493b45a66fd4d0a34e6de01eb2bcaaa8622e876cce373ee3d27de5579
240312_Cu100022.sxm	20240312_LHe_Cu100	ecarte	vue_large	auto	cadre 80.00x80.00 nm > 20 nm	cd1c5d83ae7df50966f6ee8ff57695071676dea84a59741fbbb807b4c8727c79
240312_Cu100023.sxm	20240312_LHe_Cu100	ecarte	vue_large	auto	cadre 80.00x80.00 nm > 20 nm	b1a3c79567dad834c7bfb519c63dad542894d9460412848e92bd61e17e3b532c
240312_Cu100024.sxm	20240312_LHe_Cu100	ecarte	incertain	premier_tri_assistant	image dédoublée (deux traits parallèles), double pointe ou deux objets	2d1aaab87c832cd60de09425f15907ea298310016f41174affdb79b311aed630
240312_Cu100025.sxm	20240312_LHe_Cu100	garde		premier_tri_assistant		365419615bc50d145c350f8f7afece11ac1c669295e04254961b69fc86c8dcb8
240312_Cu100026.sxm	20240312_LHe_Cu100	garde		premier_tri_assistant		aca3d3fa5aaebf96ab765eb6ca544d7f1a3b2be6a18bd4cffea7e31cbb896cc6
240312_Cu100027.sxm	20240312_LHe_Cu100	garde		premier_tri_assistant		2adddf94e5bf66564f1e3b83108131c8b4d3c421513b6072f156ecd74db6ff90
240312_Cu100028.sxm	20240312_LHe_Cu100	garde		premier_tri_assistant		ac45cc067aa5bb27c30702c0cc8d13a25ac03b8a78560ebc64ed4d68ad906148
240312_Cu100029.sxm	20240312_LHe_Cu100	garde		premier_tri_assistant		aa9176a316144ee32598b00638cb4e86c961bd94651277b19fb4eb5907976ede
240312_Cu100030.sxm	20240312_LHe_Cu100	garde		premier_tri_assistant		3ca4bfd8ff5d5829ea2643806e8a635798f509d9677ae96f4c6fd889f69a38b2
240312_Cu100031.sxm	20240312_LHe_Cu100	garde		premier_tri_assistant		55f52d3912400b6c181f8c2bb6eb0b771accf83d19b87d92f132c5316a009098
240312_Cu100032.sxm	20240312_LHe_Cu100	garde		premier_tri_assistant		c681c65d2f458f423d39e8316e25e47bb2648177cbbe36dd71eab63c3a3f362c
240312_Cu100033.sxm	20240312_LHe_Cu100	ecarte	vue_large	auto	cadre 80.00x80.00 nm > 20 nm	c2bf1f0237d8461d9c8d4a6a8d99034e37e1d1baefec9a74ddcbd544dcadae35
240312_Cu100034.sxm	20240312_LHe_Cu100	ecarte	vue_large	auto	cadre 100.00x100.00 nm > 20 nm	b002747532977cf405da634f7b06e275ce9536e0e9ecf62e0d91737368a0304a
240312_Cu100035.sxm	20240312_LHe_Cu100	ecarte	pas_de_molecule	premier_tri_assistant	bord de zone non scannée, pas de molécule	8f8c8c7811a070aafd70a9acec893f2a0931a2dd029bead48acd8181aaac18ad
240312_Cu100036.sxm	20240312_LHe_Cu100	ecarte	pas_de_molecule	premier_tri_assistant	bord de zone non scannée, pas de molécule	3383bc64bb59daf9e0ac482a3f03dfca24eb4e335adf7d1758a9ea226c1a5dda
240312_Cu100037.sxm	20240312_LHe_Cu100	ecarte	pas_6mere_court	premier_tri_assistant	objet rond isolé (ROI 3.0 nm)	7fd4e00301233cb8cedef956281f4136afa95fcdd076f4eac01519f5846934c3
240312_Cu100038.sxm	20240312_LHe_Cu100	ecarte	vue_large	auto	cadre 80.00x80.00 nm > 20 nm	d11cc59b3357130152877e50058beb71353217ea3036c96635e0a73880a7b68a
240312_Cu100039.sxm	20240312_LHe_Cu100	ecarte	molecule_coupee	premier_tri_assistant	au bord de la zone observée	08e8a7a09c3d91ab988f4b8933a07a937664cb461e275450f4684438053873aa
240312_Cu100040.sxm	20240312_LHe_Cu100	ecarte	molecule_coupee	auto	la zone de la molécule traverse le cadre	590f422a1c04ea4e0fa8db4c2f7421430006b1811c1c2bd2ebe79adf336639a1
240312_Cu100041.sxm	20240312_LHe_Cu100	ecarte	pas_6mere_long	premier_tri_assistant	chaîne longue (ROI 5.9 nm, série 240312_Cu100041-050)	26d8bab694f3b97480c7d6f531dea09e92121f496ced59ce6ea850f106c3422a
240312_Cu100042.sxm	20240312_LHe_Cu100	ecarte	pas_6mere_long	premier_tri_assistant	chaîne longue (ROI 5.9 nm)	cbeff8e0471a53eabab00679dda04d30234091096be6f0222ae4f053f3bb60dd
240312_Cu100043.sxm	20240312_LHe_Cu100	ecarte	pas_6mere_long	premier_tri_assistant	chaîne longue (ROI 6.0 nm)	6ec30430c72bbea2f0761dc381e18acd3a7686bcea8e2506e5ce2539da868085
240312_Cu100044.sxm	20240312_LHe_Cu100	ecarte	pas_6mere_long	premier_tri_assistant	chaîne longue (ROI 5.9 nm)	934d340f24e37e10e79b595002b76dd3722509c2f9cbd23f3102118cec8bda99
240312_Cu100045.sxm	20240312_LHe_Cu100	ecarte	pas_6mere_long	premier_tri_assistant	chaîne longue (ROI 5.6 nm)	f95aa2ff5c50d8dbbc86f8b3d85d349a86cb75f909ddf83deb78d4af9da6fabe
240312_Cu100046.sxm	20240312_LHe_Cu100	ecarte	pas_6mere_long	premier_tri_assistant	chaîne longue (ROI 5.7 nm)	ed143b05fb4cfd3e2b654860e6c23058f03bdf2401190523caf40764823f3341
240312_Cu100047.sxm	20240312_LHe_Cu100	ecarte	pas_6mere_long	premier_tri_assistant	chaîne longue (ROI 5.7 nm)	a2e01f14ea7367230d0f91ade750b6e30ceac5284ed4f347d36d932f4c8d5769
240312_Cu100048.sxm	20240312_LHe_Cu100	ecarte	pas_6mere_long	premier_tri_assistant	chaîne longue (ROI 5.6 nm)	74308d04d4de625f4fe61ff6583241ca55ab7b5b47a45ecc5e0c3c29c44e929e
240312_Cu100049.sxm	20240312_LHe_Cu100	ecarte	pas_6mere_long	premier_tri_assistant	chaîne longue (ROI 5.6 nm)	9e6f00574e938e43399a7545d64f721a39588e2ed6098930fca1e2d7e76cf5c7
240312_Cu100050.sxm	20240312_LHe_Cu100	ecarte	pas_6mere_long	premier_tri_assistant	chaîne longue (ROI 5.5 nm)	33c9d09d3a171d877930e7c4d6ab0af8818949aefddec837f74030f55b6f3192
240312_Cu100051.sxm	20240312_LHe_Cu100	ecarte	molecule_coupee	premier_tri_assistant	au bord de la zone observée	1efae42b230c5e80bc56e67b31419bd107747ef7d910d32141fea6482e68c3f3
240312_Cu100052.sxm	20240312_LHe_Cu100	ecarte	molecule_coupee	auto	la zone de la molécule traverse le cadre	7c52b9749c41db58efdec8619eea83afeca023e1d8a1ec88879b81f759776321
240312_Cu100053.sxm	20240312_LHe_Cu100	ecarte	pas_de_molecule	premier_tri_assistant	bruit	5f7b2df0cf5c13a4728d43889658d61543d501653185cf048ad71d70ff851f7a
240312_Cu100054.sxm	20240312_LHe_Cu100	ecarte	vue_large	auto	cadre 80.00x80.00 nm > 20 nm	414fd0cc08474d5053e72347b512af5258e056bb8ca77a89f065546caad4f8bf
240312_Cu100055.sxm	20240312_LHe_Cu100	ecarte	vue_large	auto	cadre 80.00x80.00 nm > 20 nm	b35947d4dd1687baf5e923dc5dabcd4e16ff6a37a440d8ebb46a9d5b5a7ae1e1
240312_Cu100056.sxm	20240312_LHe_Cu100	ecarte	vue_large	auto	cadre 80.00x80.00 nm > 20 nm	d7c1d567f5e93b16fefd80b1d0dfd5a2c099ffe85666a63e1dd0401a7f232266
240312_Cu100057.sxm	20240312_LHe_Cu100	ecarte	vue_large	auto	cadre 80.00x80.00 nm > 20 nm	6e22657f32425e67a1631a75c6785467f3c1cc455c2b33efec7808108ae4e612
240312_Cu100058.sxm	20240312_LHe_Cu100	garde		premier_tri_assistant		d3d62fd2800297e6b9c5ec5ae2c932e93663afd8b781ec37805219989b281389
240312_Cu100059.sxm	20240312_LHe_Cu100	garde		premier_tri_assistant		38afed320a421dbb8d91cf4649602a2bbdb306ca66d7e763d245be8d7542e9c2
240312_Cu100060.sxm	20240312_LHe_Cu100	garde		premier_tri_assistant		b6228c2260687339618ba59556b06482c37917f9f03f2707e6f02ef82178e6d0
240312_Cu100061.sxm	20240312_LHe_Cu100	garde		premier_tri_assistant		8e6574b9e02717a447a66fa2a8f13ed613e28ad83b312223124780adcaed1043
240312_Cu100062.sxm	20240312_LHe_Cu100	garde		premier_tri_assistant		580f7b187b17334cd35dbd3a369078ffbee16ade7e38e660554b6b0ec5b4360c
240312_Cu100063.sxm	20240312_LHe_Cu100	garde		premier_tri_assistant	chaîne coudée	e3e6ca7f1a52ed8858aa06c8c49c9b935370011e8663ac4e8217279878b09e2a
240312_Cu100064.sxm	20240312_LHe_Cu100	garde		premier_tri_assistant	chaîne coudée	46a025bcc743185041989b2fe0fde52038dcba821ed2eb76955b8516a5e40025
240312_Cu100065.sxm	20240312_LHe_Cu100	garde		premier_tri_assistant	chaîne coudée	3c53f1870286d7be14e0d5aa73f951207af79637c6665c6ed74428454011a871
240312_Cu100066.sxm	20240312_LHe_Cu100	garde		premier_tri_assistant	chaîne coudée	b91ec3a753fbef0df9806774f502bd304264705638cfaf58af76d5bc81205d6d
240312_Cu100067.sxm	20240312_LHe_Cu100	garde		premier_tri_assistant	chaîne coudée	ad3ba2b8a691a24f272433b819e3a9b3802fb89b9472fb5f867ae37f41441295
240312_Cu100068.sxm	20240312_LHe_Cu100	garde		premier_tri_assistant	chaîne coudée	3ed67c1358f4d29871836c0011a041c932816b79458961bf2c22f5d3dd5bbebe
240312_Cu100069.sxm	20240312_LHe_Cu100	garde		premier_tri_assistant	chaîne coudée	d8f55324d9f6de931480fe0967e77d1e75faa15fa82154460272d4e2347f3b11
240312_Cu100070.sxm	20240312_LHe_Cu100	garde		benchmark_actuel		93caddb00f4b989d51899f87259846257c937dcffcb16dfe81d4b817ff806948
240312_Cu100071.sxm	20240312_LHe_Cu100	garde		benchmark_actuel		32776abb1c24f56c9c67d448d9dffa21f04a8f846705d38e3a15feaea0121b44
240312_Cu100072.sxm	20240312_LHe_Cu100	ecarte	molecule_coupee	premier_tri_assistant	au bord inférieur	98b6a1d575659b1a0ba94deffae4ee8cc62eb7c20f80888e86af422ffb78623a
240312_Cu100073.sxm	20240312_LHe_Cu100	garde		premier_tri_assistant	molécule en V	e6a0d07bf9e1a0fda0d3831e7f8eecf733eed051bd9d184df81bee28cc7ebf81
240312_Cu100074.sxm	20240312_LHe_Cu100	ecarte	molecule_coupee	premier_tri_assistant	au bord gauche, stries	a7dbd9f7619b01cca5e23bf20872a65e0d748a3e033c0fb751a667d07a066554
240312_Cu100075.sxm	20240312_LHe_Cu100	garde		premier_tri_assistant		42fce6c5f8bc0acbe1c440d0c4b97b671d17bd1b0d81c412b79bca4d30467fb1
240312_Cu100076.sxm	20240312_LHe_Cu100	garde		premier_tri_assistant		29455134029ec6e2b2aaa7dc50be2c195f3292a2695143e7af12ec67de371e7c
240312_Cu100077.sxm	20240312_LHe_Cu100	garde		premier_tri_assistant		a22abfa0d4c72fbbb2d41d74a596dde504dbe5a6be5d89bd95f5b56e9e9d5963
240312_Cu100078.sxm	20240312_LHe_Cu100	ecarte	molecule_coupee	premier_tri_assistant	au bord gauche	ca917e24022d72c06dbeab4fbb9a0a910d806aadf561627aa4b00d58ce3c8e89
240312_Cu100079.sxm	20240312_LHe_Cu100	ecarte	pas_de_molecule	premier_tri_assistant	marche du substrat	0bee67cd320fda7cdb3adb0be2be086a8cc7df6f665d5bd5d4b681e1d03fc3c7
240312_Cu100080.sxm	20240312_LHe_Cu100	garde		premier_tri_assistant		a84345502f78f3a735189e5e663f2fcd2086a5ea416b14c447c7a4b9dde144ba
240312_Cu100081.sxm	20240312_LHe_Cu100	garde		benchmark_actuel		277c9b78350ab47307a074d1b939250ea4c6ffdf7f3966df88396b7747eeccb3
240312_Cu100082.sxm	20240312_LHe_Cu100	garde		premier_tri_assistant		ced43bb4ab8c4ec99a36d545bae69f9822eebdd9bfa53e7ad93f5d2c92187165
240312_Cu100083.sxm	20240312_LHe_Cu100	garde		premier_tri_assistant		15bc4f44d499e0135deea4c542a915254e0a486ec9ef9deb3f2b48a7e3d98aaf
240312_Cu100084.sxm	20240312_LHe_Cu100	garde		premier_tri_assistant		807f6f7925e08975662f405984d7fc0a6e3f761fd05e2848e44b76821c6f4816
240312_Cu100085.sxm	20240312_LHe_Cu100	garde		premier_tri_assistant		06a0ac608c7e033d56fa95eafd9d7a7b89a730ae682ccb23d5e89dad0f00ce9c
240312_Cu100086.sxm	20240312_LHe_Cu100	garde		premier_tri_assistant		9685fc20e9b3f9554938a6d1336812b675a284ec689d94852a9f28f02f101221
240312_Cu100087.sxm	20240312_LHe_Cu100	garde		premier_tri_assistant		cddef929102975c40b78f7c2a980e09f77bf2beb5e6401c29222d60b8cca253a
240312_Cu100088.sxm	20240312_LHe_Cu100	garde		premier_tri_assistant		4c5af84871c39873eaccad6a738ab4dc6139e67804d24fd1c9ba509d2091e68c
240312_Cu100089.sxm	20240312_LHe_Cu100	garde		premier_tri_assistant		56894c6bac50935790969dd4afcae78ff4db9d42585ee346af7ebe9d371ed9c8
240312_Cu100090.sxm	20240312_LHe_Cu100	garde		benchmark_actuel		d9904a6b957f05fc8b392d680a914c42b0d6d79e128b4cc6f822c32456c937c6
240312_Cu100091.sxm	20240312_LHe_Cu100	garde		premier_tri_assistant		6d089717ba1d02ae81737bf39408e4aeb671709612c6f210d0bbdd85b010c1d7
240312_Cu100092.sxm	20240312_LHe_Cu100	garde		premier_tri_assistant	chaîne coudée, scan interrompu au-dessus	37e033f2f3fa14826ccc2fbdaee3087bf10fd5949a7f107db8e5be657a82cb9c
240312_Cu100093.sxm	20240312_LHe_Cu100	garde		premier_tri_assistant	chaîne coudée	fe289b020737b515973edde19a0007c8b70f41750f972065f995e29ee8e7ce96
240313_Cu100001.sxm	20240313_LHe_Cu100	ecarte	vue_large	auto	cadre 70.00x70.00 nm > 20 nm	d2c7b34fa47607b4d2264156c18d8d346cecc9841284fac5e70fdc6fd09b8221
240313_Cu100002.sxm	20240313_LHe_Cu100	ecarte	vue_large	auto	cadre 70.00x70.00 nm > 20 nm	a46a63d925c86252aa08c4f49c428b237fb216c20d922b350881d051a984974f
240313_Cu100003.sxm	20240313_LHe_Cu100	ecarte	molecule_coupee	auto	la zone de la molécule traverse le cadre	0c4ed4147b25d68b4c4fc288267f620cfb047a6a1603161c6f2e362587b66b85
240313_Cu100004.sxm	20240313_LHe_Cu100	ecarte	vue_large	auto	cadre 50.00x50.00 nm > 20 nm	dc4cb70f3dfbcca5be9c521181f14abed9c5f5010cfa621f57642d0ef3cb198e
240313_Cu100005.sxm	20240313_LHe_Cu100	garde		premier_tri_assistant	bruit de ligne	901a872394ff858f5fb68cd15cd77ce6a1b0f1131e304101bae95dde85b8755c
240313_Cu100006.sxm	20240313_LHe_Cu100	garde		premier_tri_assistant	bruit de ligne	fccdd0d5c44d6b8f384eea6df1d57ca6da284516c151fba9f556cfebd835baec
240313_Cu100007.sxm	20240313_LHe_Cu100	garde		premier_tri_assistant	bruit de ligne	ea174022ba9d8b7580e57b33bd3d6b55502986815bfaf8e7c1aa19a312f9d5eb
240313_Cu100008.sxm	20240313_LHe_Cu100	garde		premier_tri_assistant	bruit de ligne	19d950bcc08c87b4e5e6c447416269a67bf664d8c6e00da7b37ad94d28aedb53
240313_Cu100009.sxm	20240313_LHe_Cu100	garde		premier_tri_assistant	bruit de ligne	47b440d3c77dbf976c4fef20cf982ab474570a0c0ae266281c2cd92d1fdb6022
240313_Cu100010.sxm	20240313_LHe_Cu100	garde		premier_tri_assistant	bruit de ligne	4345678556409164f3ea1214c7b882c3567758e1853e941020139fde4daea0b6
240313_Cu100011.sxm	20240313_LHe_Cu100	garde		premier_tri_assistant	bruit de ligne	0fd9aa8988a871c0ddbafbcabc3f941d5ba118280107c678d24622e6175ff692
240313_Cu100012.sxm	20240313_LHe_Cu100	garde		premier_tri_assistant	bruit de ligne	eb4dce9e759e285a370a9f2c6f3e6543ef7f54ca683e0745d9fa40c4cd365c6d
240313_Cu100013.sxm	20240313_LHe_Cu100	garde		premier_tri_assistant	bruit de ligne	aaaded9095f48eb31d62f2426559becb80aee45151621c24f6963ef2ad0f5f7d
240313_Cu100014.sxm	20240313_LHe_Cu100	garde		premier_tri_assistant	bruit de ligne	f21f5b472bb92b24aeda24fcd49ecd62c89dd3632621d8d28c55060186073857
240313_Cu100015.sxm	20240313_LHe_Cu100	garde		premier_tri_assistant	bruit de ligne	e59c7532e8ba96d93241822e4338e826efb59eb4376f1a77d53523ddcca918d4
240313_Cu100016.sxm	20240313_LHe_Cu100	ecarte	vue_large	auto	cadre 40.00x40.00 nm > 20 nm	0c5e6d35a29d3edffc6640d2e05803947a0d253a8417f53753ab16fc91a6d3dc
240313_Cu100017.sxm	20240313_LHe_Cu100	ecarte	pas_de_molecule	premier_tri_assistant	bruit	29f17d2b019d3ca3931b913f8897a7e273548d09257b8c3cf8af42b35a743da1
240313_Cu100018.sxm	20240313_LHe_Cu100	ecarte	vue_large	auto	cadre 40.00x40.00 nm > 20 nm	be1d0e87a08d855ca4bf10a5ef42e6bb7b3e47cd58bd26d3ba2990aff16b15e9
240313_Cu100019.sxm	20240313_LHe_Cu100	ecarte	pas_de_molecule	premier_tri_assistant	bruit	7240130fc6f4c0e42f12dc5668ba85569965c9534494ac6de3585e48eba6b5fd
240313_Cu100020.sxm	20240313_LHe_Cu100	garde		premier_tri_assistant	objets diffus autour	072d90b2b7b49577682624057b927eb77a25da572c26b91924a0be46180366c0
240313_Cu100021.sxm	20240313_LHe_Cu100	garde		premier_tri_assistant		c377b69a9b7e06e2c67b05e4db47024267fad5aacd9fc31d89f92ca1565a7ce8
240313_Cu100022.sxm	20240313_LHe_Cu100	garde		premier_tri_assistant		92360d9d458bea00f5076dac82b6c9830bf1fa43297054982f42dc15f014abab
240313_Cu100023.sxm	20240313_LHe_Cu100	garde		premier_tri_assistant		e65ed5126755ec13f4f6f3468b082b059469367ef9a4aafcb7701c3c97a2bba8
240313_Cu100024.sxm	20240313_LHe_Cu100	garde		premier_tri_assistant		5cd7f18de2ba1af8a16abc944082004528a5fd2082f79d6b211594bf75fd007d
240313_Cu100025.sxm	20240313_LHe_Cu100	ecarte	vue_large	auto	cadre 100.00x100.00 nm > 20 nm	59539c3d06cb83c64bd2c567c5d4875bb142e5cb5e6f72caa74ce2c59a8d3515
240313_Cu100026.sxm	20240313_LHe_Cu100	garde		premier_tri_assistant		438a1189e722ad61f27dde170485ada8da6c158f8cdf7937098cddacdd6986b4
240313_Cu100027.sxm	20240313_LHe_Cu100	ecarte	incertain	premier_tri_assistant	petit objet accolé à une extrémité	6e1481fcb6a13fc1f01cb9a2c82de9ae953c7a56aededc960d3cc09bc013f36c
240313_Cu100028.sxm	20240313_LHe_Cu100	ecarte	incertain	premier_tri_assistant	petit objet accolé à une extrémité	8d128884e6b0bb5e7aeee867fb493e415ca598856ee4c657fc68087f0b9249e0
240313_Cu100029.sxm	20240313_LHe_Cu100	ecarte	vue_large	auto	cadre 100.00x100.00 nm > 20 nm	b028f8494033f1ca175a731314e60ca9abd1e3249a7a74c35a43d91c4b9adbd3
240313_Cu100030.sxm	20240313_LHe_Cu100	ecarte	incertain	premier_tri_assistant	floue et allongée (ROI 4.8 nm)	3f3c22c46cd83920c182e2e5dcca0891c56380912f2780321f4dcee99d329b58
240313_Cu100031.sxm	20240313_LHe_Cu100	garde		premier_tri_assistant		e58e55136906a0736a0a67677bb46184b32a18b8ca754176a053ec1b13464e8f
240313_Cu100032.sxm	20240313_LHe_Cu100	ecarte	vue_large	auto	cadre 60.00x60.00 nm > 20 nm	4ad7906fa4af553b17bbc4f34dfd9aa0436bcf4ebed990ae964d3dc367f448bd
240313_Cu100033.sxm	20240313_LHe_Cu100	ecarte	vue_large	auto	cadre 30.00x30.00 nm > 20 nm	2c7ca2a970901d834204c8674318b6d8f3e455b1ea04f8a0477251c56f7133f3
240313_Cu100034.sxm	20240313_LHe_Cu100	ecarte	vue_large	auto	cadre 30.00x30.00 nm > 20 nm	65eed70f2f8f18162c22c2dc6497be1178cfbe5e6f7f3746afe8e31be2e4a505
240313_Cu100035.sxm	20240313_LHe_Cu100	ecarte	vue_large	auto	cadre 30.00x30.00 nm > 20 nm	ce79b4432d674c0eff048907e68ccda994dd4421a5c44c9610c042226867bde0
240313_Cu100036.sxm	20240313_LHe_Cu100	garde		premier_tri_assistant		4c161ed6b5a38c89f15f1c74bff6d4699dbaa7d1dc4ae1b9cda7e082b81d53fa
240313_Cu100037.sxm	20240313_LHe_Cu100	garde		premier_tri_assistant		5b0e9cf8b3c4d959a41aac63aca2a931a3fb11fd138652b60d75e973315b0014
240313_Cu100038.sxm	20240313_LHe_Cu100	garde		premier_tri_assistant		a3323f52a7e93b4704487b88843d5cce81d8bd651feed293340defb6208fba9d
240313_Cu100039.sxm	20240313_LHe_Cu100	garde		premier_tri_assistant		7a10419c304457f4b0f3a23f0e8308cb13e480151cd8ac3e2243a205515f7412
240313_Cu100040.sxm	20240313_LHe_Cu100	garde		premier_tri_assistant		7245185023155c2ae975461f1b8075e0187b2e5aa775292d9ec78e4987ffe2ef
240313_Cu100041.sxm	20240313_LHe_Cu100	garde		premier_tri_assistant		8b86fe6905558ffd9c0975e7afa67780398306fd5a5cef47588a77711c11bd2b
240313_Cu100042.sxm	20240313_LHe_Cu100	garde		premier_tri_assistant		9f8188a9e2f2858a5f61518e85675a3b7289bef74681d52b1adcdfcf344cb71d
240313_Cu100043.sxm	20240313_LHe_Cu100	garde		premier_tri_assistant		8a9194fe3051e947ca407589854fb04c4ea72f3c02a770e2ac6ffbfb4145643a
240313_Cu100044.sxm	20240313_LHe_Cu100	garde		premier_tri_assistant		805baa7bec329a52b6c6d54ef31d0cce893de824281d1c6093230384f82ee575
240313_Cu100045.sxm	20240313_LHe_Cu100	garde		premier_tri_assistant		8b9db8ebb141ff4e9c1d64e8091ac5ecff6cb7e48ef059952ce79faa044efe64
240313_Cu100046.sxm	20240313_LHe_Cu100	garde		premier_tri_assistant		5286e296cc6ebfc63b64c2320f4f9f12f798f3bc1e933129aa872fd1e50a5420
240313_Cu100047.sxm	20240313_LHe_Cu100	garde		premier_tri_assistant		e7af1250544faacbd251cb6731e90801a50db718da1c0a52258edc4f77536c42
240313_Cu100048.sxm	20240313_LHe_Cu100	garde		premier_tri_assistant		8d23b7a97b255c4e76002bf797a7dcf5fc8d7003094d9c137a3453da08e16bfe
240313_Cu100049.sxm	20240313_LHe_Cu100	garde		premier_tri_assistant		0b579e51371a529566dc78e5fdaa8d560c533c1650d2853d58ff24b0a1120a49
240313_Cu100050.sxm	20240313_LHe_Cu100	ecarte	vue_large	auto	cadre 100.00x100.00 nm > 20 nm	6e9ac89ee74308e11d553328160d988a489abfd2699aee0d3f0ff6a03b540e4c
240313_Cu100051.sxm	20240313_LHe_Cu100	ecarte	pas_6mere_court	premier_tri_assistant	petit objet compact dans un cadre de 20 nm	9a124ebf3baedae3880bc8694c8a9d03951b8d851765dbd0fb29919f68c77b99
240313_Cu100052.sxm	20240313_LHe_Cu100	ecarte	vue_large	auto	cadre 100.00x100.00 nm > 20 nm	c7d49135a5802b819a6a9afa0b8bc1115437672d3b4a60da98faad651d7a2f4e
240313_Cu100053.sxm	20240313_LHe_Cu100	ecarte	pas_6mere_long	premier_tri_assistant	chaîne courbe longue (ROI 5.8 nm)	008b10dc3df3c272acc03cf3f1dd356b54470720577ed2e1a2e6c90b894d62a0
240313_Cu100054.sxm	20240313_LHe_Cu100	ecarte	pas_6mere_long	premier_tri_assistant	chaîne courbe longue (ROI 6.2 nm)	7f7f3d2dfb509d7307aab9fa05e9403efa521c240e14e6f60bdeeb0f92f2b212
240313_Cu100055.sxm	20240313_LHe_Cu100	ecarte	pas_6mere_long	premier_tri_assistant	chaîne courbe longue (ROI 5.8 nm)	d0e8aa3127d52ccc1760097cee0d9032f805078df3674027f57da85249114bbc
240313_Cu100056.sxm	20240313_LHe_Cu100	ecarte	incertain	premier_tri_assistant	floue et allongée (ROI 4.7 nm)	789129242a8cb1b1546e73595b1d9b2f2b1937c0ee820bddefd9d6b064d15e16
240313_Cu100057.sxm	20240313_LHe_Cu100	garde		premier_tri_assistant		46506a7b48d820222bb3c83f3abb130ecd019c6300ed2d5a2206a93b60ffd743
240313_Cu100058.sxm	20240313_LHe_Cu100	garde		benchmark_actuel		79656c8fbdd8386a9f872bcb246df7a59272e96db000ccdcc107b648fc5c14b8
240313_Cu100059.sxm	20240313_LHe_Cu100	garde		benchmark_actuel		62909c0bc605936d84670a54cf142a2da96ed8edb66304298bb307101b6e0dfa
240313_Cu100060.sxm	20240313_LHe_Cu100	garde		benchmark_actuel		e62369958146ebf4fed8cffe99cec024334d0dfc7a68b72f5ae03b5288b3c532
240313_Cu100061.sxm	20240313_LHe_Cu100	garde		premier_tri_assistant		60fe27e94b90cb3a1c24bb179cffaa34b734718a841fcdc42819c6f6372ccd2b
240313_Cu100062.sxm	20240313_LHe_Cu100	garde		benchmark_actuel		81137c58140ae2cd20d7e8ced57d9cf857848262a67ec0353951af07a0fa12c1
240313_Cu100063.sxm	20240313_LHe_Cu100	garde		premier_tri_assistant		a9cbb2a3db1ac5f8adc2ce52b8aaeabb826ca598dd2db38556c0a1903787f1d0
240313_Cu100064.sxm	20240313_LHe_Cu100	ecarte	vue_large	auto	cadre 100.00x100.00 nm > 20 nm	d2950639d992269e15b471860ab5043caf58bdb7e059737d396872c99b52316d
240313_Cu100065.sxm	20240313_LHe_Cu100	ecarte	artefact_pointe	premier_tri_assistant	bruit périodique fort sur la molécule	6bcfebebe443c768f8478d0f47a8a7a6fc60171d4a5444f7d00629ab75a4e548
240313_Cu100066.sxm	20240313_LHe_Cu100	garde		premier_tri_assistant	floue	4a62dfca45d13980500f73acdab2d9b1ddce50369c31a228dbdd263731652fc8
240313_Cu100067.sxm	20240313_LHe_Cu100	garde		premier_tri_assistant		792755084d2773c56b795565d4258071c3876184086e1c2bf9509f4713983121
240313_Cu100068.sxm	20240313_LHe_Cu100	garde		premier_tri_assistant		9951a3a3392ad7441cfb54a7fd0f8501df945aa6f231f8bdc7507e9251a9edd7
240313_Cu100069.sxm	20240313_LHe_Cu100	garde		premier_tri_assistant		c7b6c8fc92b51927788c45a66328bada2412cad0212dfa6100a4d266f6859f73
240313_Cu100070.sxm	20240313_LHe_Cu100	ecarte	molecule_coupee	auto	la zone de la molécule traverse le cadre	c803efecc3858cf43bcf287b7a2873a503dc21883ab692341adfa812038d3e87
240313_Cu100071.sxm	20240313_LHe_Cu100	garde		premier_tri_assistant	floue, bruit de ligne	c05523e0e65f07a4393724e5e484e05d2b4c59330ab8e563a1ef6d9d9e1a3437
240314_Cu100-016.sxm	20240314_LHe_Cu100	garde		premier_tri_assistant	chaîne coudée, floue	de03fe03a46eb31978ba97f93f3826053148f1392486381cc323ac5d3b726c4d
240314_Cu100_001.sxm	20240314_LHe_Cu100	ecarte	vue_large	auto	cadre 100.00x100.00 nm > 20 nm	34d73944dd459091f27eb73da8b7a97f74048836c757977ca2fcf8b4781247b7
240314_Cu100_002.sxm	20240314_LHe_Cu100	ecarte	molecule_coupee	premier_tri_assistant	au bord de la zone observée	4ddf428ac2c633697f9184b092711678c5d6cde7578c416baa6e978e59cf2ff2
240314_Cu100_003.sxm	20240314_LHe_Cu100	ecarte	incertain	premier_tri_assistant	cadre 20 nm, fond chargé d'adsorbats, aller/retour discordants	9789c2146c10905d57525815314e8e4b4677d82c7c0283915c8707dc29a9198f
240314_Cu100_004.sxm	20240314_LHe_Cu100	ecarte	incertain	premier_tri_assistant	cadre 20 nm, fond chargé d'adsorbats, aller/retour discordants	11b8c4c5023c922a4f1e3d01d4a62527d45fb6c7d743ba770bfafda77a5b435a
240314_Cu100_005.sxm	20240314_LHe_Cu100	ecarte	molecule_coupee	auto	la zone de la molécule traverse le cadre	a600b4d0608569f70b43b25a701b5e34345e2abc6b1e3a43fc0005d3e46300f4
240314_Cu100_006.sxm	20240314_LHe_Cu100	ecarte	molecule_coupee	premier_tri_assistant	au bord gauche, bruit	958f4af272e6d98e53c43a6e545afaae56ef0df5063180499c32b2de67428375
240314_Cu100_007.sxm	20240314_LHe_Cu100	ecarte	molecule_coupee	premier_tri_assistant	touche la zone non scannée, bruit	7ef0b29f0c3f1a9f4a5f9a7bbc95e05ef38f2aae0cc8020d4ca665fbfd60b63f
240314_Cu100_008.sxm	20240314_LHe_Cu100	ecarte	molecule_coupee	premier_tri_assistant	au bord, bruit	52533cb71b8efe48f3bc8fa6c85897a91d7e2b2d15cd51f0698ddc9bddad2d3e
240314_Cu100_009.sxm	20240314_LHe_Cu100	ecarte	vue_large	auto	cadre 80.00x80.00 nm > 20 nm	169600333232828ae5fcf5bdbfd68f0cb0a5d4061810331fddb2150f8f1ef981
240314_Cu100_010.sxm	20240314_LHe_Cu100	ecarte	vue_large	auto	cadre 50.00x50.00 nm > 20 nm	46e611a3f59ca4b466600cb4284f6ef993dec5e12b98572c61bea167ca195158
240314_Cu100_011.sxm	20240314_LHe_Cu100	ecarte	incertain	premier_tri_assistant	halo diffus autour de la chaîne	9efb49215d0363d273488943cd076cfcef17722d62e13afc9acba3ab42c6cf50
240314_Cu100_012.sxm	20240314_LHe_Cu100	ecarte	vue_large	auto	cadre 70.00x70.00 nm > 20 nm	5f08351eed208b670ba77441c82d4de48d1df1a9f815c2cf50db9c3464a46137
240314_Cu100_013.sxm	20240314_LHe_Cu100	ecarte	vue_large	auto	cadre 70.00x70.00 nm > 20 nm	c41b79fcb70f651a85a15e3f796339aa5e32b35623fe934d32e1d5c747a59157
240314_Cu100_014.sxm	20240314_LHe_Cu100	garde		premier_tri_assistant	floue	3437c97049b3002e99cc9cf82a687d5b67339f29f441b3b8a957ec6754c11e39
240314_Cu100_015.sxm	20240314_LHe_Cu100	garde		premier_tri_assistant	floue	d40b7d264ed27c1bf29f8f5cb24fa4d97e24a092fb686c2f8b07e4d0ed10273d
240314_Cu100_017.sxm	20240314_LHe_Cu100	garde		premier_tri_assistant		a6e5f237461050a6e266b4ceb99610f326d7597c357ef83c85a1b379254bb6be
240314_Cu100_018.sxm	20240314_LHe_Cu100	garde		premier_tri_assistant		6550c15c677013c99beeca8d5d8a33129a94933bdb081c063c3a88c27cfef4f6
240314_Cu100_019.sxm	20240314_LHe_Cu100	garde		premier_tri_assistant		dd9f01056a7000bd8912a939a0e2837687ef1f544f1f14053b8db4c9dae66305
240314_Cu100_020.sxm	20240314_LHe_Cu100	garde		premier_tri_assistant		b234eb2799f8bc5d2db1b75010fb7539021df985087c74a8cb81f304e78f80b8
240314_Cu100_021.sxm	20240314_LHe_Cu100	garde		premier_tri_assistant		fbfdf837b694ee2966969b2cff88b5d77cdfa84d014c1363a7290877f36641cb
240314_Cu100_022.sxm	20240314_LHe_Cu100	garde		premier_tri_assistant		9a32ba0939062f244708869b9bcaa5ed00bce59e4dbee689daba5377906ee8d9
240314_Cu100_023.sxm	20240314_LHe_Cu100	garde		premier_tri_assistant		646ce1faeb1eb1f315e2a9ecb4ad1aa1abe645d0833f456b905e6209ef5e393f
240314_Cu100_024.sxm	20240314_LHe_Cu100	garde		benchmark_actuel		9e1287f2326878022c447e3c1e03de043ee8c3d8d4e17839fcbd6da0c2c7ca32
240314_Cu100_025.sxm	20240314_LHe_Cu100	garde		benchmark_actuel		bd550c9b8c6d7864ff938831f32e1fb8b30c317550ef72f4b494cb9a57c94d8e
240314_Cu100_026.sxm	20240314_LHe_Cu100	garde		benchmark_actuel		6e0125849f05a6e37e7691111b1776d87a03e3f314772137f41b53efe04ba9ac
240314_Cu100_027.sxm	20240314_LHe_Cu100	garde		premier_tri_assistant		e158ca9c80f29f657da28da43b9b1207aa836f28ac9a3138f7ce11c850311595
240314_Cu100_028.sxm	20240314_LHe_Cu100	garde		premier_tri_assistant		b9faec7e72589795a77b830321b89ea1e2edc4701420997d95d5d78e04c63b7c
240314_Cu100_029.sxm	20240314_LHe_Cu100	garde		premier_tri_assistant		b469ad60f3618fde331ab0ebc02c696bbe5badd77168efabc556e4cdab9300c7
240314_Cu100_030.sxm	20240314_LHe_Cu100	garde		premier_tri_assistant		f5074620220c4e48ad016ff3fa607e47a9d2bf9dabfb35b4645c236ec375366a
240314_Cu100_031.sxm	20240314_LHe_Cu100	ecarte	incertain	premier_tri_assistant	allongée (ROI 4.9 nm), stries	bdd8776bf76ad964316a37e978ac272610f9b8583776b19a5e566dd7b32fc7d6
240314_Cu100_032.sxm	20240314_LHe_Cu100	garde		premier_tri_assistant		79688c12db7acd0a4c79e62ba40fa4e6726f1a0c42bd186babf9ea06276cd0bc
240314_Cu100_033.sxm	20240314_LHe_Cu100	garde		premier_tri_assistant		fbfcb613727dd011f6add8d53b804e1d3eccbe17f2eee4342df60515428e5870
240314_Cu100_034.sxm	20240314_LHe_Cu100	garde		premier_tri_assistant		68ab99f550e0fbdf92e0ba6c22d34f078218ba080ac0d05f9ee765cbec5801ca
240314_Cu100_035.sxm	20240314_LHe_Cu100	garde		premier_tri_assistant		e57963dbe6ed51a747357b9f5b659f6900e3dafd13d0e9e20fcb789e89253b6e
240314_Cu100_036.sxm	20240314_LHe_Cu100	garde		premier_tri_assistant		d1f33f22c5b45d0fe50be24b880c5731a85e9b65dce5c76eee1789371d21ccc7
240314_Cu100_037.sxm	20240314_LHe_Cu100	garde		premier_tri_assistant		98e1d0ed6f0de3a7c5b1ece1ab8740eedc0b9e6500f41d8a5f610516d2179385
240314_Cu100_038.sxm	20240314_LHe_Cu100	garde		premier_tri_assistant		9aada55b4535896a7f7dbd404ce1a2a18ff8dfe7d66170e410c6179e8b705f22
240314_Cu100_039.sxm	20240314_LHe_Cu100	garde		premier_tri_assistant		13afba21735fc959207ac559741b34bd25a8713ec62e8902b2e60c997a589dac
240314_Cu100_040.sxm	20240314_LHe_Cu100	garde		premier_tri_assistant	floue	a2201fa46fb3551772097d66e3784482affaf5fc17be0446ca656dd36046ca95
240314_Cu100_041.sxm	20240314_LHe_Cu100	ecarte	incertain	premier_tri_assistant	allongée (ROI 4.8 nm)	adc09c4f6d60a0df3aed7dfe6e30ba2187dff7c4c235716a14ac3a74b883e406
240314_Cu100_042.sxm	20240314_LHe_Cu100	garde		benchmark_actuel		dd84d1b27dc471c87b9e74e446b50c0eccef6bad382225d6d6b0de491c90909b
240314_Cu100_043.sxm	20240314_LHe_Cu100	garde		premier_tri_assistant		66b0ea2cbff0e71b601337ce780831864e1a614b7ca4531f2bd981a30624aece
240814_001.sxm	20240814_LHe_Cu100	ecarte	vue_large	auto	cadre 100.00x100.00 nm > 20 nm	ade47be1d8c8b5da82ba9845a2921abe6c7225aa0a3c01961f0a77fb52353151
240814_002.sxm	20240814_LHe_Cu100	ecarte	vue_large	auto	cadre 100.00x100.00 nm > 20 nm	931c64c1ccc8cc46615b58b9d3a22266fa469bfb8ae31a8fbc45161fc2eedb81
240814_003.sxm	20240814_LHe_Cu100	ecarte	vue_large	auto	cadre 100.00x100.00 nm > 20 nm	4322d23927cd9c76779e9d0793a28f350de08a61c041fbccffd90bdc5cd3ee42
240814_004.sxm	20240814_LHe_Cu100	ecarte	molecule_coupee	auto	la zone de la molécule traverse le cadre	3252772f005fb4f4adb9fc4593965e32b3b453881559615064c8f85a2e4a497c
240814_005.sxm	20240814_LHe_Cu100	ecarte	revue_anterieure_exclu	revue_anterieure	excluded by manual visual inspection	00fd890052fbf36dabb24d92b2fa867ce5598dc69d3e963828ea259ea0736795
240814_006.sxm	20240814_LHe_Cu100	ecarte	molecule_coupee	auto	la zone de la molécule traverse le cadre	839e10c39784e0dd5687710173d876bfce6e7acb8d9407c3e28ae1fd7bc6cd5c
240814_007.sxm	20240814_LHe_Cu100	ecarte	revue_anterieure_exclu	revue_anterieure	excluded by manual visual inspection	b9252c2381bb215b930f4400f7e34aed1ad4aaf3af2b21f7805a1752d6b89ef9
240814_008.sxm	20240814_LHe_Cu100	ecarte	vue_large	auto	cadre 100.00x100.00 nm > 20 nm	7a268abb2e4eb9710978c2be0aca11a88e11bbe090037da753ac0ce9f7fac557
240814_009.sxm	20240814_LHe_Cu100	ecarte	revue_anterieure_exclu	revue_anterieure	excluded by manual visual inspection	36bd9a65d7d91eb98d90eda26ea5fbd12cf5c3af13f63dd29092cb65d3cf3c0e
240814_010.sxm	20240814_LHe_Cu100	ecarte	revue_anterieure_exclu	revue_anterieure	excluded by manual visual inspection	2f1d558b9d90fef8618fbbcf7397b67fbdee4b5a27502fe21ee9c3a067863fa3
240814_011.sxm	20240814_LHe_Cu100	garde		benchmark_actuel		28dbf24cb1f571ab4822b0dceb0c928b398227fdea25bbc9b3dd62dce04528a7
240814_012.sxm	20240814_LHe_Cu100	garde		benchmark_actuel		7b1a6d5442ffce83b250defd80ad6adebf8f6b2231ebb6f608a38d693e3d82ea
240814_013.sxm	20240814_LHe_Cu100	garde		benchmark_actuel		66276f9e7093553363f5b10b0d2c728c5dc956fd137d9e11eddb23123080e1aa
240814_014.sxm	20240814_LHe_Cu100	garde		benchmark_actuel		a2b807064ef653be8a4945eb056cb26ce3fedd2ffee20a193218a2f6b5272821
240814_015.sxm	20240814_LHe_Cu100	garde		benchmark_actuel		a64afd18fcc060ab0d6c7de806bfef4936b66d0c119bce707bce565fca794021
240814_016.sxm	20240814_LHe_Cu100	ecarte	revue_anterieure_ambigu	revue_anterieure	visual_review_ambiguous_exclude_strict: manual ok_chitosan expected N=6; ambiguous_eff=true; support_ell_nm=3.73; user visual review marked ambiguous; do not us	a0e1e5c3aa8f32c306b8694a0ce393b5ad9fcf3f7e07d5352165fa259c9563fa
240814_017.sxm	20240814_LHe_Cu100	garde		benchmark_actuel		f92f1ec322f0c292da4aca49e08e8003b91c384b3587eb4a20570cce61662384
240814_018.sxm	20240814_LHe_Cu100	garde		benchmark_actuel		f404662b67fe4cd32e1a5fcaf00ea760766bbed17c3807e99db2de0a7853c7db
240814_019.sxm	20240814_LHe_Cu100	garde		benchmark_actuel		8d67dc97c2302eda2cd6554d992167f8ab7b34abed4eb6984a9269e7de3f41fc
240814_020.sxm	20240814_LHe_Cu100	garde		benchmark_actuel		93cf8104f66c62e0e45e2dc68857320da0969b6e98f675dde0647ab21c37fc51
240814_021.sxm	20240814_LHe_Cu100	garde		benchmark_actuel		3f3b73a1e409f210f8f38130050a95b6a68cd8089c86f5e5e6ea3500f7473973
240814_022.sxm	20240814_LHe_Cu100	garde		benchmark_actuel		e4bd9a51cdcf186d433968f8f88b8f71ca2eb27f92f62cbb9f8186097a3f7f70
240814_023.sxm	20240814_LHe_Cu100	garde		benchmark_actuel		94b365e8526506a51535f90cb8b1a1ddd19719c1bab09bef2c0e7d26efb95c15
240814_024.sxm	20240814_LHe_Cu100	garde		benchmark_actuel		a6c059c7a29233f4a71e209721ca5118e537a4fcc727975d32cc6eff543f49cf
240814_025.sxm	20240814_LHe_Cu100	garde		benchmark_actuel		1db9cc9531a5ed4b4eda987aa42fba72821533355e8ad2d8f7e4f359544ef407
240815_001.sxm	20240815_LHe_Cu100	ecarte	vue_large	auto	cadre 100.00x100.00 nm > 20 nm	ef34d0589411018c29288f0676ab1df416248ea49e1e99927d0449eca616798e
240815_002.sxm	20240815_LHe_Cu100	ecarte	vue_large	auto	cadre 100.00x100.00 nm > 20 nm	3206584d75bcf104bf71f0795ca4609cfcd440c373bd28002e5482eb57575320
240815_003.sxm	20240815_LHe_Cu100	ecarte	pas_de_molecule	premier_tri_assistant	scan interrompu, bruit	904144eeb1df7126ac8cdfde019d8ca1255a94749b84f1306f07ef0262679b68
240815_004.sxm	20240815_LHe_Cu100	ecarte	vue_large	auto	cadre 100.00x100.00 nm > 20 nm	6a9f0d0bd97a193cf88404b92308c10c8efff0302251ee5239d2654aca0ce585
240815_005.sxm	20240815_LHe_Cu100	ecarte	pas_de_molecule	premier_tri_assistant	adsorbats, pas de chaîne	2ae4b660b1353b20dcb86debcfda173f30ffc87ec53b7ed2f0f001d6cdc15a08
240815_006.sxm	20240815_LHe_Cu100	ecarte	molecule_coupee	auto	la zone de la molécule traverse le cadre	982f4209acbb9a785edee773ae26f75220b5e1dd45315a3b6cd460c935090015
240815_007.sxm	20240815_LHe_Cu100	ecarte	incertain	premier_tri_assistant	floue avec halo (ROI 4.9 nm)	6df84d8d011b5e060d20fc003d794b7eeb17837bb03e821d590364ce607870eb
240815_008.sxm	20240815_LHe_Cu100	ecarte	vue_large	auto	cadre 40.00x40.00 nm > 20 nm	f2543886a50c59d7e629bc0867b131df5d9194733f09797d1d082cb16a4a9827
240815_009.sxm	20240815_LHe_Cu100	ecarte	vue_large	auto	cadre 100.00x100.00 nm > 20 nm	5c9d929657fe90e910d52cb0aeb37d34382ef03cf306df4e02443530ba4776b8
240815_010.sxm	20240815_LHe_Cu100	ecarte	pas_de_molecule	premier_tri_assistant	scan interrompu, bruit	7f0bab25eeb790dd7bd9703c840d91fb442ae2b1d77cafb8f58efeb090329350
240815_011.sxm	20240815_LHe_Cu100	ecarte	vue_large	auto	cadre 100.00x100.00 nm > 20 nm	37b1b5e3162c0ff345748cb2c7d639a56cc8d3ec891041cdf9a3ae12de821831
240815_012.sxm	20240815_LHe_Cu100	ecarte	vue_large	auto	cadre 100.00x100.00 nm > 20 nm	c75d64f9fd3f10e923ca502c8792f6f3b6ae12d68838c1f0722c1a33a2bb0610
240815_013.sxm	20240815_LHe_Cu100	ecarte	plusieurs_objets	premier_tri_assistant	agrégat	54a353a824b203d8c21f82451c5764e5014b3cb4d4c711c6ef6c761a034156b7
240815_014.sxm	20240815_LHe_Cu100	ecarte	molecule_coupee	auto	la zone de la molécule traverse le cadre	cfc4800f1f35a7eb7162b7731810d92ca78dea2f49a20dce6ee54181ba366cde
240815_015.sxm	20240815_LHe_Cu100	ecarte	molecule_coupee	auto	la zone de la molécule traverse le cadre	13785abb4dd12929d2496dd8a0d41a0a975478e69ba76d2172354be867e2fb58
240815_016.sxm	20240815_LHe_Cu100	ecarte	vue_large	auto	cadre 100.00x100.00 nm > 20 nm	2a1439f23b3d6862f06d93e94180959e71031fc862fe85563259f1c0c275919f
240815_017.sxm	20240815_LHe_Cu100	ecarte	plusieurs_objets	premier_tri_assistant	agrégat	9a4c25260b65cfd7d65efba6588e757371bd6e7f8f7bfd7f4ad9785de77a22d4
240815_018.sxm	20240815_LHe_Cu100	ecarte	incertain	premier_tri_assistant	floue et allongée (ROI 4.7 nm)	fb4d185307edabcb1e7c8bfa5f4fe9cc48995426ad479f8e40c4f26d6ebda3fd
240815_019.sxm	20240815_LHe_Cu100	ecarte	vue_large	auto	cadre 100.00x100.00 nm > 20 nm	455e2277e33b5524e3580e3104d98ed6796cca273dde32ec266be6ddfb075978
240815_020.sxm	20240815_LHe_Cu100	ecarte	pas_de_molecule	premier_tri_assistant	bruit	cd9c74e65fbad4b0672c3d36527c0be66191d9428f71bb722fac13ff0c52ecf9
240815_021.sxm	20240815_LHe_Cu100	ecarte	vue_large	auto	cadre 100.00x100.00 nm > 20 nm	6028fadd81322e4aaa1922869f07888a38e7c83939d6de502bca9a8eb635f6d6
240815_022.sxm	20240815_LHe_Cu100	garde		premier_tri_assistant	image bruitée	e33b501f2052d8bf4e2c01e80c5a6b660c05a6f19613049f72df78bfa9ac1d75
240815_023.sxm	20240815_LHe_Cu100	garde		premier_tri_assistant	image bruitée	9a82b4993331cd7e41a921d3f5dd3e0a3caad8c11a8cdf8d978c7fae446920f6
240815_024.sxm	20240815_LHe_Cu100	ecarte	molecule_coupee	premier_tri_assistant	au bord de la zone observée	cf576a26de0c484bd79572c66f07326ff64868f19eb592fc5fffd49f4f274675
240815_025.sxm	20240815_LHe_Cu100	ecarte	artefact_pointe	premier_tri_assistant	saut de ligne à travers la molécule	c198802bed89516c017f291eeeac6d5baf5b308507ad13e793ede04d7d17a179
240815_026.sxm	20240815_LHe_Cu100	ecarte	incertain	premier_tri_assistant	discontinuité sous la molécule, partie faible	9d6c6861b2254c776495a62c822bbd2a0d19671c806b55d9db6bc20b2d840c4d
240815_027.sxm	20240815_LHe_Cu100	ecarte	incertain	premier_tri_assistant	objet compact avec halo	d0f5345def3cf98851101621a3a0be59a792f3111b66a9cd3320e8d5ba2f1b3a
240815_028.sxm	20240815_LHe_Cu100	ecarte	pas_6mere_court	premier_tri_assistant	objet compact (ROI 2.9 nm)	de8cd5de50fd5a683321eb24a356a251c47838aa2f10f628d3413248a0e6eaeb
240815_029.sxm	20240815_LHe_Cu100	ecarte	pas_6mere_court	premier_tri_assistant	objet compact (ROI 3.0 nm)	a519bfc2c68a5ef16d85c23482f8ece75ec46d1108a6cef613f1d479e21fdd0f
240815_030.sxm	20240815_LHe_Cu100	ecarte	vue_large	auto	cadre 100.00x100.00 nm > 20 nm	750ba5cae3bf0a37ffad25eb42586d0651bd29907a684ae1c0f7af39ae042694
240815_031.sxm	20240815_LHe_Cu100	ecarte	vue_large	auto	cadre 100.00x100.00 nm > 20 nm	8df58cd6b147a0ac245d8e7a9b86f615f802961a8c92bbc8ab68309434882dfb
240815_032.sxm	20240815_LHe_Cu100	ecarte	molecule_coupee	auto	la zone de la molécule traverse le cadre	a9e04b8a851b11ac8ac67004dca40d0ce609decaa00062ee0258694b20484d60
240815_033.sxm	20240815_LHe_Cu100	ecarte	vue_large	auto	cadre 100.00x100.00 nm > 20 nm	f50d69ac9b3420ca45a6118d20f7b7488bc86050bdbd9e33fe035efd5e353df7
240815_034.sxm	20240815_LHe_Cu100	ecarte	molecule_coupee	premier_tri_assistant	au bord de la zone observée	fbb30ab0663ea18e3f5a83143404991ac8c2b648cc44a985826b47bf3596a85f
240815_035.sxm	20240815_LHe_Cu100	ecarte	incertain	premier_tri_assistant	défaut du substrat accolé	1d4440b7590f324ecf4aaa73e40f67a7ca9be3bbba9d5a4e005c14e20cc6663f
240815_036.sxm	20240815_LHe_Cu100	ecarte	incertain	premier_tri_assistant	deux parties séparées par un creux	c72d701b801ed3b6afa6d22d1c7e5b43a5a776d2e589cf4a93086322336d2fbe
240815_037.sxm	20240815_LHe_Cu100	ecarte	vue_large	auto	cadre 100.00x100.00 nm > 20 nm	ea56843802dc9259b10671ea1f5e79eb04aa8f481e29b28f4e0e5a23be216233
240815_038.sxm	20240815_LHe_Cu100	ecarte	pas_de_molecule	premier_tri_assistant	bruit	440af09e234595b6f1af55d49986e1fe8dfda917a6d592dc2f1e65425f9a1a83
240815_039.sxm	20240815_LHe_Cu100	ecarte	molecule_coupee	auto	la zone de la molécule traverse le cadre	a479e91d482875c55a6535f5e553e0f9a048fe5974df75bd65524a0a67b6b583
240815_040.sxm	20240815_LHe_Cu100	ecarte	molecule_coupee	auto	la zone de la molécule traverse le cadre	bc63a75f68ecfe1c15970156de64484a1da1944d6da3d50c918efbfe235097b1
240815_041.sxm	20240815_LHe_Cu100	garde		premier_tri_assistant		8b91719522a6db62fbb7e2c9b8e62d7fe0a7ef0dc6f04c9787180f97dbbfa3e6
240815_042.sxm	20240815_LHe_Cu100	ecarte	vue_large	auto	cadre 200.00x200.00 nm > 20 nm	16eaa7f5712c33e909049d07820e882df3bc7e8f0381d43d6b017c8d11f961cd
240815_043.sxm	20240815_LHe_Cu100	ecarte	vue_large	auto	cadre 100.00x100.00 nm > 20 nm	fb416392db9232f355c496d5f8a36ed9ab17d905e3a82af363c75296a28a8ab2
240815_044.sxm	20240815_LHe_Cu100	ecarte	vue_large	auto	cadre 50.00x50.00 nm > 20 nm	b4686736a549f10593b12382259e77680ecc259655ca7302122a78839ef9f7be
240815_045.sxm	20240815_LHe_Cu100	garde		premier_tri_assistant		add99f2e411fe892db4857d9410444ce0d75a4696b6c27fca33acce054379571
240815_046.sxm	20240815_LHe_Cu100	garde		premier_tri_assistant		86bae4d6fefe07a8880afd51613a145f748e139f39a7ea27eabc9d51b35160b6
240815_047.sxm	20240815_LHe_Cu100	garde		benchmark_actuel		cd426b415b3c379d001e1567eed7f80cb3d618d2527fdb4c75d8c4ceed7de103
240815_048.sxm	20240815_LHe_Cu100	garde		benchmark_actuel		d2cbd09971cbf6ffc201bd5e5654eaa9975e81236ccc34888d750d71cbd49f40
240815_049.sxm	20240815_LHe_Cu100	garde		premier_tri_assistant		c221e2972606cdd506a68f663120331eed4bc748b91eb0dfe39a3ce1675c8ac0
240815_050.sxm	20240815_LHe_Cu100	garde		premier_tri_assistant		8f9604ac4738872ca87b0fd32e5d398bfc1a854812524a3775a77c845b764781
240815_051.sxm	20240815_LHe_Cu100	garde		premier_tri_assistant		20acd3e430ddfa2c90eb72e89b51dade5743c89cadddb568231d82064fecd915
240815_052.sxm	20240815_LHe_Cu100	ecarte	vue_large	auto	cadre 40.00x40.00 nm > 20 nm	04445537005c0cb2f6e7d7636c519df7fade041f317a5af6b98d9009c38a8a42
240815_053.sxm	20240815_LHe_Cu100	ecarte	vue_large	auto	cadre 200.00x200.00 nm > 20 nm	d353af6fbda997fe733b6e425ddd264146448ff2455d6605e5937759c9042992
240815_054.sxm	20240815_LHe_Cu100	ecarte	pas_de_molecule	premier_tri_assistant	scan interrompu, pas de molécule	2a55c85162d373e0e2ff853c44a28e11308508c041e27a59c8caf713f1ee03cd
240815_055.sxm	20240815_LHe_Cu100	ecarte	pas_6mere_long	premier_tri_assistant	chaîne longue (ROI 6.8 nm)	c69adef6c36553989bd5e85f2ca7cb790aa2ac9449ac1e43979587f3e209dc55
240815_056.sxm	20240815_LHe_Cu100	ecarte	molecule_coupee	auto	la zone de la molécule traverse le cadre	b04e0ba3a0522372b3861cfb83cb672b6c007a8a0400bf71cbfb13137818579d
240815_057.sxm	20240815_LHe_Cu100	ecarte	pas_de_molecule	premier_tri_assistant	bruit	8f578ee4f4e267c21ba8baec87985d2eaa31b57e568a9b05643b46372cbcb768
240815_058.sxm	20240815_LHe_Cu100	ecarte	pas_6mere_long	premier_tri_assistant	chaîne longue (ROI 7.0 nm)	2745df681dce090d5fdd15671f8669ec863566e6fa12da6d2ca60f5b5726b366
240815_059.sxm	20240815_LHe_Cu100	ecarte	vue_large	auto	cadre 100.00x100.00 nm > 20 nm	2d58f21aa7ec496c20270e8b80c666746920a599e3638f035ad754a951d2b40d
240815_060.sxm	20240815_LHe_Cu100	garde		premier_tri_assistant		5606b768c2c78f5fce3d01e1c1ecd8ac2bc223c66dcc1d692b4148b2e13fd029
240815_061.sxm	20240815_LHe_Cu100	ecarte	vue_large	auto	cadre 30.00x30.00 nm > 20 nm	7b643493deb89843192319ece7b5aabd036d213d09ec9e51e49c6cf11f970807
240815_062.sxm	20240815_LHe_Cu100	garde		premier_tri_assistant		90a3b36df50d10a6e24f360d3f215ba55fbd7bfe47b2b432120717b121031d53
240815_063.sxm	20240815_LHe_Cu100	garde		premier_tri_assistant		b8f1aacaf9922345232a1ee7ea10b176d09c1e4f7e54069852ee5b1a1836c044
240815_064.sxm	20240815_LHe_Cu100	garde		premier_tri_assistant		db77a1aa15eaa5ca98dcdca53dc7c8cf43d1620d063b1d37e4f77f20764ba5c3
240815_065.sxm	20240815_LHe_Cu100	garde		premier_tri_assistant		7e3719eb546cce16bd07f4943df09d46b503adbce4f8afd4e8d4969a2c77a573
240815_066.sxm	20240815_LHe_Cu100	garde		premier_tri_assistant		6557507fb8cb3c815bd61e3bb9f2dacd1b4ab9b31d03648fd25f7fb8934bf045
240815_067.sxm	20240815_LHe_Cu100	garde		premier_tri_assistant		9185a3847167547ccfd1f5bfbd1b30a2dc5c7ae9e1301d49bbbf65bfe819a256
240815_068.sxm	20240815_LHe_Cu100	garde		premier_tri_assistant		5a35024fb7126d1de4ef37ce74a2186950a99afc2bc73d693065d78cd9c6e8a3
240815_069.sxm	20240815_LHe_Cu100	garde		premier_tri_assistant		4c30b58464c24ec77cf4f60bc4a72692d8025316f8a4caebd3e6efd5fe41eb12
240815_070.sxm	20240815_LHe_Cu100	garde		premier_tri_assistant		83b8a9a30621ea60e63c0e1f0d5e908ced263502cae016ee021e9be2a02536f9
240815_071.sxm	20240815_LHe_Cu100	garde		premier_tri_assistant		4f160de9c03bb4606617d0c14c7b67656fb1344276bf01e6ca14bb5f12c89ddc
240815_072.sxm	20240815_LHe_Cu100	garde		benchmark_actuel		60f90fd931c324f76467b82b9b743e45dca65224a02ce4e741db0ce000c651e0
240815_073.sxm	20240815_LHe_Cu100	garde		premier_tri_assistant		704c29b76cda0158c58a97e608f86622cce810ac2407078a7dad8b3a219add81
240815_074.sxm	20240815_LHe_Cu100	garde		premier_tri_assistant		817647ba4549408d111a9019dcdd81063c9f60333170dfd7ad5042630e34943b
240815_075.sxm	20240815_LHe_Cu100	garde		premier_tri_assistant		858f8468e8923457240dc23856f2a501ff372a964d965689692a737de9c90154
240815_076.sxm	20240815_LHe_Cu100	garde		premier_tri_assistant		fa66b83e059082a56ea6720dca3336183a9178e4955c20321ff185391af78a86
240815_077.sxm	20240815_LHe_Cu100	garde		premier_tri_assistant		bce4f77c15120671b088901e8d6a60c07cccb01552bd527f486e3ecc34af3cdd
240815_078.sxm	20240815_LHe_Cu100	garde		premier_tri_assistant		8efb14a6990e82d87f33dc52da1bcae04298abe688d51e7c4293b3019689fb9c
240815_079.sxm	20240815_LHe_Cu100	garde		premier_tri_assistant		452a65f67381c594dba17ee8570caff9bc90b7265a078a60dfa573b35a794787
240815_080.sxm	20240815_LHe_Cu100	garde		premier_tri_assistant		b8bc9c5c480ed33ba379e3cebdfd34e5864b9e7b96cf9517359a6e1996935101
240815_081.sxm	20240815_LHe_Cu100	garde		premier_tri_assistant		711f10ae69ec13fb80a6f27a8b4bd356c49b923c70a449b4eef934d15f36c74e
240815_082.sxm	20240815_LHe_Cu100	garde		premier_tri_assistant		66c0f41f78461fb35072f1f19e17aa99f293679ac9ffd5781a86f3a2d02dede1
240815_083.sxm	20240815_LHe_Cu100	ecarte	vue_large	auto	cadre 100.00x100.00 nm > 20 nm	0149bc54e29e0f12afd5f0e8306834c383ff29a7a2227ba6cfe81b193b1b4aec
240815_084.sxm	20240815_LHe_Cu100	garde		premier_tri_assistant		ec5432d50a3f269156cb2501b4683064637432baeab2fd9a1b3ea4d754c67958
240815_085.sxm	20240815_LHe_Cu100	ecarte	artefact_pointe	premier_tri_assistant	saut de ligne au milieu de la molécule	776612dd6b45a0522904bdc2557845f8c3078a86fe029adb63bc563fd04017bf
240815_086.sxm	20240815_LHe_Cu100	ecarte	artefact_pointe	premier_tri_assistant	saut de ligne au milieu de la molécule	36756f9fe674b561cb6b24b7769c9903a67172463e4bf9bbc457fd3b4db7ecca
240815_087.sxm	20240815_LHe_Cu100	ecarte	artefact_pointe	premier_tri_assistant	saut de ligne au milieu de la molécule	9a8e1bde880931e57c46078328401e15e60e86c972949099d36a6c6532a92df3
240815_088.sxm	20240815_LHe_Cu100	ecarte	artefact_pointe	premier_tri_assistant	saut de ligne au milieu de la molécule	6194ad2b3f529efb3c48fcd67923771a50546e2993d5185509b90d32176a19a9
240815_089.sxm	20240815_LHe_Cu100	ecarte	artefact_pointe	premier_tri_assistant	saut de ligne au milieu de la molécule	7583bad00f3853fe69915bbff6c1f499836f948ccc7f14248b0c537158bf098f
240815_090.sxm	20240815_LHe_Cu100	ecarte	vue_large	auto	cadre 100.00x100.00 nm > 20 nm	0f7dcdf095e434f2495dfd4aaf1e2c2f9396c4e7fdcaa8dff8c6638ad819ee3d
240815_091.sxm	20240815_LHe_Cu100	ecarte	pas_de_molecule	premier_tri_assistant	bruit	dc7b649f4b2234d2836524f5dc7c45698bafd68102cafe384bdae49ac43d4f63
240815_092.sxm	20240815_LHe_Cu100	ecarte	incertain	premier_tri_assistant	chaîne contre une marche ou la limite du scan	477b580af79aadb42b55294d7cbaf9734521237ad8f86054453a9e68b2d3883f
240815_093.sxm	20240815_LHe_Cu100	garde		premier_tri_assistant		826cba82790a1ac94b49f779d3304eb18f1e3436be74ee670cdac75646bd35ff
240815_094.sxm	20240815_LHe_Cu100	garde		premier_tri_assistant		11da8bd446f127a3bc3236c1163b6b8be7991e2f2d578c0f48579427c258873c
240815_095.sxm	20240815_LHe_Cu100	garde		premier_tri_assistant		1693b387ab0fbe1402e3ee5fe4416f302cecfa5a3cab3830f776248c8369e045
240815_096.sxm	20240815_LHe_Cu100	ecarte	vue_large	auto	cadre 100.00x100.00 nm > 20 nm	4d78e4fa58d77d54faf65e341e888efd9d0f378f64baa5ed9765b524389821bb
240815_097.sxm	20240815_LHe_Cu100	ecarte	vue_large	auto	cadre 40.00x40.00 nm > 20 nm	3d7f40c0978b200cffa33cc984a2f02b826bc0da7bd1fd5635cc59a67f4cc76a
240815_098.sxm	20240815_LHe_Cu100	garde		benchmark_actuel		e731f571dd5db6a870f8baf1e7eaaff2cc3e591d10eb0fc552cf24d8ae72424d
240815_099.sxm	20240815_LHe_Cu100	garde		premier_tri_assistant	chaîne coudée	0358339185f2b5ebfafcbe6bd2db94613989ab36be61ce2bddcde6c3d1b0388f
240815_100.sxm	20240815_LHe_Cu100	ecarte	artefact_pointe	premier_tri_assistant	saut de ligne au milieu de la molécule	8f2a51fb1b9a209bcfd34c3a1dd45ea9860f8b5bcb6776284a458ef89ab64482
240815_101.sxm	20240815_LHe_Cu100	garde		premier_tri_assistant	chaîne en crochet	e3a4fa37e13e67bd3b2248cd87d230fba1a0dafa3fc0965cd92537b70358e6f0
240815_102.sxm	20240815_LHe_Cu100	ecarte	artefact_pointe	premier_tri_assistant	saut de ligne à travers la molécule	3c33e694273c475e13169961b29ede9800cf9459f0768b4793cf10c8dc10fdca
240815_103.sxm	20240815_LHe_Cu100	ecarte	artefact_pointe	premier_tri_assistant	saut de ligne à travers la molécule	1fa9bf06bcd20a0a73785407d91c599c80f02013c1e904c378491a07029ea246
240815_104.sxm	20240815_LHe_Cu100	garde		premier_tri_assistant	chaîne en U	ceff9888717f811f765dfb8cae457a6418bd84a4c992a6ba9b7ddf17e6aa9029
240815_105.sxm	20240815_LHe_Cu100	garde		premier_tri_assistant	repliée en V	68c4038c5a73a5d70c1d2de15a3d977f24e31bca2cd5292d8f4f80cfd7aac4e7
240815_106.sxm	20240815_LHe_Cu100	garde		premier_tri_assistant	repliée en V	f156f8f2b1c7847065e6f1ba03850b39eaa1ac5d005f680270bb13bb7afbdda3
240815_107.sxm	20240815_LHe_Cu100	garde		premier_tri_assistant	repliée en V	4ce9cfc540a648f61cf399ecf6394022998f4eace785e953183da8596e907bf2
240815_108.sxm	20240815_LHe_Cu100	garde		premier_tri_assistant	repliée en V	c621d22b6f4afe2dd150b678dbd848078b6574011fa6aa58846282c54acf6a1d
240815_109.sxm	20240815_LHe_Cu100	garde		premier_tri_assistant	repliée en V	ca6bec8c994317e1ad371f000a4e9c35bab6effbcc10a45abd20f136409b41b2
240815_110.sxm	20240815_LHe_Cu100	garde		premier_tri_assistant	repliée en V	023ae26e55c32dc4d1fec3396ee124204498653a4953c84398890ac05a85957d
240816_001.sxm	20240816_LHe_Cu100	ecarte	vue_large	auto	cadre 100.00x100.00 nm > 20 nm	020e73de3e44df44b215cd2f54520a788287a872ce3637ab1d6e60cf44ebd870
240816_002.sxm	20240816_LHe_Cu100	garde		benchmark_actuel		723812a9f2f065b268b17744b86fa3e1a7a24cc89b018c8519d50c43180981d3
240816_003.sxm	20240816_LHe_Cu100	ecarte	revue_anterieure_exclu	revue_anterieure	double chitosan / two objects; not a single-chain benchmark	98ce698eaa874c07d3e008478c98dc8a82759dc55d5f729c36763702f67d9b6c
240816_004.sxm	20240816_LHe_Cu100	garde		benchmark_actuel		8ca177e657b821266f25125b7b28b70511ddac81447fc052c9d57270b62f2941
240816_005.sxm	20240816_LHe_Cu100	garde		benchmark_actuel		27235f1c9ae6b022a9a64000961873bf49c2f95b36fb8f07775c55620254ebb0
240816_006.sxm	20240816_LHe_Cu100	ecarte	revue_anterieure_ambigu	revue_anterieure	exclude_documented: documented exclude; low_fwd_bwd_corr=0.49; support_ell_nm=4.35	2c0b3fe47865613f81b029bc64a796c072cff6c6f0c75d421b5e6e09712ff095
240816_007.sxm	20240816_LHe_Cu100	ecarte	vue_large	auto	cadre 100.00x100.00 nm > 20 nm	590f1c655ee001a1eb179d9879ec13f0954800b75c301e549f421127225b8185
240816_008.sxm	20240816_LHe_Cu100	ecarte	vue_large	auto	cadre 100.00x100.00 nm > 20 nm	b93c4d5c7ea539ed1d15dde89ea9acc97c8e06806e18e607ec7c2359ac6e1b71
240816_009.sxm	20240816_LHe_Cu100	ecarte	vue_large	auto	cadre 100.00x100.00 nm > 20 nm	fa7f1628d79676d1387d79108848f8579b6281768a53791cd8a788896b24de9e
240816_010.sxm	20240816_LHe_Cu100	ecarte	vue_large	auto	cadre 100.00x100.00 nm > 20 nm	581bb2513b3e64759e69b0f98cd41dfc9ecb8b927f0186702645aef652e53a78
240817_001.sxm	20240817_LHe_Cu100	ecarte	molecule_coupee	auto	la zone de la molécule traverse le cadre	d5c39423f77214d6d519e4cf5e188d84a8e3fb4490fded2a8543eab995db612f
240817_002.sxm	20240817_LHe_Cu100	garde		benchmark_actuel		e33e938dac4416e9d6bba6c1e03eb053a105e76599b87f448c6200da7ebe4364
240817_003.sxm	20240817_LHe_Cu100	garde		benchmark_actuel		33502a3ad519bbec675f839d9a0b11178f6968fad02b6274eacfb083dae28b77
240817_004.sxm	20240817_LHe_Cu100	garde		benchmark_actuel		a1532771566d3df55232d176dc31bcdcadce9304e42d1cac9c87bd355a5b8f09
240817_005.sxm	20240817_LHe_Cu100	garde		benchmark_actuel		64239bf66688309823d6433eb1cbcbd7411fda7ce963a0a186a1767aee9dcc41
240817_006.sxm	20240817_LHe_Cu100	garde		benchmark_actuel		d071ff59e2cd0fc512f9d39f0eb4c38ae722a3f9023433e80a43a652b60c31a6
240817_007.sxm	20240817_LHe_Cu100	garde		benchmark_actuel		35d7fe5eb30d1a13ec58c5cc6a84c3a7818ebbbae0c4b0bde044392b2e359414
240817_008.sxm	20240817_LHe_Cu100	ecarte	vue_large	auto	cadre 120.00x120.00 nm > 20 nm	b06d944b31c2ab21057dada4924a6fd224f11376cf563f033f13101b87197528
240817_009.sxm	20240817_LHe_Cu100	ecarte	molecule_coupee	auto	la zone de la molécule traverse le cadre	28e1c3a4da0ec18a4c01f27f5ae17c345cfbdd64b1997cd5991e7c64da99bf71
240817_010.sxm	20240817_LHe_Cu100	ecarte	vue_large	auto	cadre 100.00x100.00 nm > 20 nm	e8da17a7c0873e7768218d8b571402f17884f484c3ed989ecebfeedfe9028058
240817_011.sxm	20240817_LHe_Cu100	ecarte	vue_large	auto	cadre 30.00x30.00 nm > 20 nm	706155e56457d9d72e95058c633c27d76c57b5141556bb28dbfe9ce768514358
240817_012.sxm	20240817_LHe_Cu100	ecarte	vue_large	auto	cadre 40.00x40.00 nm > 20 nm	b4b05c2b66dca12c408d1e87fbe7703d1fb9c266c11921a2cc9386a9bba33bb7
240817_013.sxm	20240817_LHe_Cu100	ecarte	vue_large	auto	cadre 40.00x40.00 nm > 20 nm	3e54ce1e1bc8a1bc10d9ca5d1d2d66163102e294c6bbd78b343a12e590137b5f
240817_014.sxm	20240817_LHe_Cu100	ecarte	vue_large	auto	cadre 40.00x40.00 nm > 20 nm	b8e6b40e2e136a549cb97b8ea5a2a71a888a7fc808f9ac227831f43ef8b66ace
240817_015.sxm	20240817_LHe_Cu100	ecarte	vue_large	auto	cadre 100.00x100.00 nm > 20 nm	0c5e653f1b2c7e7764292a369da9cb57eaf09027e02b3bccf63c7a12270f90dd
240817_016.sxm	20240817_LHe_Cu100	ecarte	revue_anterieure_ambigu	revue_anterieure	exclude_documented: documented exclude	b57b77052103bb751b78d671b556516a48b026460e5794d1723e3ff4b0a791e8
240817_017.sxm	20240817_LHe_Cu100	garde		benchmark_actuel		df9942aa02ab3b6e3157c7439bd320eadb356ec928df1ecb6cdf34678c0350bd
240817_018.sxm	20240817_LHe_Cu100	garde		benchmark_actuel		b1a421c0db6cc8cef82903c3c0a5ae24f2c8b50d465a256e0e8a2559ff5689d5
240817_019.sxm	20240817_LHe_Cu100	garde		benchmark_actuel		469aa812c16b6fb405dabbb9f037463b8bc8554e49037281939eaa4b2dd4b662
240817_020.sxm	20240817_LHe_Cu100	ecarte	vue_large	auto	cadre 100.00x100.00 nm > 20 nm	da7466a8e1fec44bf7e22781fb95fcda33932003a9cac1799c14ec24d78684a4
240817_021.sxm	20240817_LHe_Cu100	garde		benchmark_actuel		1c3aee67f8f99e9719e867c470fd631bc02448e2c209cd6fac174254bdedbb40
240817_022.sxm	20240817_LHe_Cu100	ecarte	molecule_coupee	auto	la zone de la molécule traverse le cadre	416467ed7df35323fdbe0b960b569aa4a3e9d6c21fd368460e16612586e382c6
240817_023.sxm	20240817_LHe_Cu100	ecarte	revue_anterieure_ambigu	revue_anterieure	exclude_documented: documented exclude	a20ed542eb0f61da50412bab17a3f349f77fafcc5a75313eedc8cc8ffd4450a9
240817_024.sxm	20240817_LHe_Cu100	garde		benchmark_actuel		0652c13eac93f18e474e46409c8e09bae36b980679e188d34add6037ea581b03
240817_025.sxm	20240817_LHe_Cu100	ecarte	molecule_coupee	auto	la zone de la molécule traverse le cadre	d54850e92000fb2926fd416413c36d8451719ed7f046520ee7e094c24a03c6e8
240817_026.sxm	20240817_LHe_Cu100	garde		benchmark_actuel		b6be2ac11fcb216f97196079bac209084323df9994b4a9a61e493f539af1b0b9
240817_027.sxm	20240817_LHe_Cu100	ecarte	vue_large	auto	cadre 70.00x70.00 nm > 20 nm	ba363ee4f4421782312f6801f99bcf00d548e3bf2a12261f41ce85ba34b3fd7a
240817_028.sxm	20240817_LHe_Cu100	ecarte	vue_large	auto	cadre 200.00x200.00 nm > 20 nm	1ad940a95b7f1ab80edfd2c5bb34baa04bffd44ff6624868f1f71339466fb8df
240817_029.sxm	20240817_LHe_Cu100	ecarte	vue_large	auto	cadre 30.00x30.00 nm > 20 nm	c6a33ea8395203e6a43b0ccbbb8a353cbbb3c659b9351ea5461a9a443ef30f00
240817_030.sxm	20240817_LHe_Cu100	ecarte	revue_anterieure_ambigu	revue_anterieure	visual_review_ambiguous_exclude_strict: known sequence but poor_quality stress case; ambiguous_eff=true; support_ell_nm=2.93; user visual review marked ambiguou	44cd127a0c1961da5407d539cb3ed4b273d9958581cea3f79897974aaa09cc2a
240817_031.sxm	20240817_LHe_Cu100	ecarte	vue_large	auto	cadre 20.00x20.00 nm > 20 nm	d5b2ac386dbc5516f0fc44a1b34d167559497f44c629656d21a8e7834f09beb6
240817_032.sxm	20240817_LHe_Cu100	ecarte	revue_anterieure_ambigu	revue_anterieure	visual_review_ambiguous_exclude_strict: known sequence but poor_quality stress case; support_ell_nm=6.59; user visual review marked ambiguous; do not use in str	1925d36a6508905a89ca364e9c7b83a7eb32d1fedddc0c400c20be3f0d919238
240817_033.sxm	20240817_LHe_Cu100	garde		benchmark_actuel		432550e4f76ead2749fc807afa726e3639211ea3cf39dc281cdf05d8705c07ae
240817_034.sxm	20240817_LHe_Cu100	ecarte	revue_anterieure_ambigu	revue_anterieure	visual_review_ambiguous_exclude_strict: known sequence but poor_quality stress case; support_ell_nm=3.90; user visual review marked ambiguous; do not use in str	b8da6c88d42f95c9fffb71d406dbdb21c69f7e370d46e8e13caaf7450faf3964
240817_035.sxm	20240817_LHe_Cu100	ecarte	revue_anterieure_ambigu	revue_anterieure	visual_review_ambiguous_exclude_strict: known sequence but poor_quality stress case; support_ell_nm=3.97; user visual review marked ambiguous; do not use in str	31d4d050ebef0ffa8f4e0a33deb12301e7e02c075b327ff1879f1eb4b1654d0c
240817_036.sxm	20240817_LHe_Cu100	garde		benchmark_actuel		c35676858c13c2d96a879f62db3b01343c2943f4fdb1ffda87781ba81e18d9da
240817_037.sxm	20240817_LHe_Cu100	ecarte	revue_anterieure_ambigu	revue_anterieure	visual_review_ambiguous_exclude_strict: known sequence but poor_quality stress case; support_ell_nm=3.94; user visual review marked ambiguous; do not use in str	7088d2756b42976275d22e950ed1b6f5c715278e7ea653d0baae6e1b59e50e8b
240817_038.sxm	20240817_LHe_Cu100	ecarte	revue_anterieure_ambigu	revue_anterieure	visual_review_ambiguous_exclude_strict: known sequence but poor_quality stress case; support_ell_nm=3.75; user visual review marked ambiguous; do not use in str	99a75fda8db1f6b62f63dc840389ed1437dc7e6b9559f92ee489a6bd48f9df68
240817_039.sxm	20240817_LHe_Cu100	garde		benchmark_actuel		e64e40c5a3872b0690f067944c4f2d623a1eed2bfa7c738e0c4eb784461010b7
240817_040.sxm	20240817_LHe_Cu100	garde		benchmark_actuel		f04a2adc2dafb5e744271741cccff842586f75176674504093bf6348a2b1a262
240817_041.sxm	20240817_LHe_Cu100	garde		benchmark_actuel		e608827274406a6252871701ef0c4a6b65553f36c7ac78486e1f83e15bb535f5
240817_042.sxm	20240817_LHe_Cu100	garde		benchmark_actuel		4959c81e1fddba21a68f8c33be8575c41a989af70c1a8d6bc0e42a347325d00b
240817_043.sxm	20240817_LHe_Cu100	garde		benchmark_actuel		c4f4549ca21348950399cdbb72d5b4033df3a52dabc2607e5047fada2d932a13
240817_044.sxm	20240817_LHe_Cu100	garde		benchmark_actuel		83b270b84fae7f8b95d0502c2a03dc76b13d41e14597fb50007641ed02f66106
240817_045.sxm	20240817_LHe_Cu100	garde		benchmark_actuel		63bc50d1e5992a19e11bf8a06874848fb7f79ff79b2e2d9d678a2ce9a2641578
240817_046.sxm	20240817_LHe_Cu100	garde		benchmark_actuel		f02e1432d5be763c8dffbdbbb763186da480106f2c1c5b877780313e42b12352
240817_047.sxm	20240817_LHe_Cu100	garde		benchmark_actuel		188b3b1314881e969bb49831f87409a2cd53a78b405c1d77fad8447d1a6b4ab1
240817_048.sxm	20240817_LHe_Cu100	garde		benchmark_actuel		abaac16f0c44a7b5478189eb29a662cf889a4eb4bc83bb3024d945d46d694afc
240817_049.sxm	20240817_LHe_Cu100	garde		benchmark_actuel		59fccddba7907516aa8a95a3b3fbea9136dd3095a85ae7f47e20ccfe68f3b421
240817_050.sxm	20240817_LHe_Cu100	garde		benchmark_actuel		6107df9b92cad44e7c075aefa353c64186a82569e1b9e53b8078a436f32915fd
240817_051.sxm	20240817_LHe_Cu100	ecarte	revue_anterieure_ambigu	revue_anterieure	visual_review_ambiguous_exclude_strict: known sequence but poor_quality stress case; support_ell_nm=5.46; user visual review marked ambiguous; do not use in str	fe79c8bfe8e052adf9ce24d4f95e13834cf52d91592f991e484570d4799c2c5a
240817_052.sxm	20240817_LHe_Cu100	garde		benchmark_actuel		927688c74a3154e0de1db7496a06d2a7e17262b96b6edcbc3dc4179076e599ea
240817_053.sxm	20240817_LHe_Cu100	garde		benchmark_actuel		17fea75aa0de955ee2f1acf126babf177a2ea9a2da90f65e52f2e160a77a0920
240817_054.sxm	20240817_LHe_Cu100	garde		benchmark_actuel		762e853707332b6e7e6e9ac0c10e7ef359558e6bb7503e811168ec4576971635
240817_055.sxm	20240817_LHe_Cu100	garde		benchmark_actuel		fd96bbb285a9db4cc81a0a6f15b7b7a28b00995b0d028e7dfc16feefc0710b82
240817_056.sxm	20240817_LHe_Cu100	ecarte	molecule_coupee	auto	la zone de la molécule traverse le cadre	52de5cd15fb15df79e8402339472f6466e3f7a7aae720537246fc147924e78e2
240817_057.sxm	20240817_LHe_Cu100	ecarte	molecule_coupee	auto	la zone de la molécule traverse le cadre	f265bce2b7bea8bed4cfd2bd9611247bcfa410b4982ebb9ad510015e129b6eb0
240817_058.sxm	20240817_LHe_Cu100	garde		benchmark_actuel		2cdb1dd4e830b6f5afa9354dd70f5e1ccfe118afb6996c9d29603bc6dc17bd9f
240817_059.sxm	20240817_LHe_Cu100	garde		benchmark_actuel		a921221d950054af3fb854acc039cec7ee8b5fa9c993d1812561a5a93235cdea
240817_060.sxm	20240817_LHe_Cu100	garde		benchmark_actuel		063bafb6000a2670d8f90fc07e17464c6d28028064cd55955d2ac2653c2872d4
240817_061.sxm	20240817_LHe_Cu100	garde		benchmark_actuel		3ad8ec86d1413d8f4a36d90baa787cda7ec9dba170eb65001b499cbb086a3998
240817_062.sxm	20240817_LHe_Cu100	garde		benchmark_actuel		81482f6a82c659a8e9ed91e6c6e36173786faec83f3741f019f3c52a7c6fb9bf
240817_063.sxm	20240817_LHe_Cu100	ecarte	molecule_coupee	auto	la zone de la molécule traverse le cadre	c48984cb2240f0177620941daf70f4a141fa508fbe9b5d271aac9f36673acfd5
240817_064.sxm	20240817_LHe_Cu100	garde		benchmark_actuel		a1f723bb7140e645889304a60514b180f17e948509f84437445675e60a71fd90
240817_065.sxm	20240817_LHe_Cu100	garde		benchmark_actuel		730b115b20208c10139e6ecb5d6a3b218f094a8e49f0e023049168b7242f42a3
240817_066.sxm	20240817_LHe_Cu100	garde		benchmark_actuel		cb1ecd2cb40a88c475527b2b5a78e9488cfca74b402936ddb7ba11c7d48d6b73
240817_067.sxm	20240817_LHe_Cu100	garde		benchmark_actuel		4cca7377cddfe51a57bfaac8a1494e14578655df25d7b0e64b340f68b8e7c7c0
240817_068.sxm	20240817_LHe_Cu100	garde		benchmark_actuel		36f361e096b54f2fa56914b07554b21725662852fbb24a107bd2a432449d97b7
240817_069.sxm	20240817_LHe_Cu100	garde		benchmark_actuel		838428bb742d4d3722bfadead8e23fb90005081f7025498b96ef6e69ed972665
240817_070.sxm	20240817_LHe_Cu100	garde		benchmark_actuel		0c4394b421a7ac31e129eac1bdb808f30d30f35fb0f7436aedf95668147e6a02
240817_071.sxm	20240817_LHe_Cu100	garde		benchmark_actuel		4025294b11d20aba4514e4e6a0fb3b1299369500be516af415a9dc38fff332fe
240817_072.sxm	20240817_LHe_Cu100	garde		benchmark_actuel		33595858e6a60cebe5d6ccf5a4b067b83b9e1c129f42f9d82b22782dcadfd6c2
240817_073.sxm	20240817_LHe_Cu100	garde		benchmark_actuel		b669df66037464e7dca1a303977210540a330a49dd06f86e6d7d8f72e82f951a
240817_074.sxm	20240817_LHe_Cu100	garde		benchmark_actuel		d723b82fcd0abca6d062dc3884dad1c7b5dda7fa17df4c9b9325a07dcfc32e45
240817_075.sxm	20240817_LHe_Cu100	garde		benchmark_actuel		90924b244ffcc9e546cc3207e8a798e4e6139eee04493e955bf35ac4801c5188
240817_076.sxm	20240817_LHe_Cu100	garde		benchmark_actuel		345a9575122bb1960cf8ee5de9ed5564ecacf24ffd8906933ff06fbc6c4b0147
240817_077.sxm	20240817_LHe_Cu100	garde		benchmark_actuel		fe6a5d474e877eb197fcfd5b91c5fb891f560934a461b7aa3fa41cb2db3205d4
240817_078.sxm	20240817_LHe_Cu100	garde		benchmark_actuel		ebe98ef693052df06a2844682d76baf5214bfd3c15a420ab1c0b5246722e8d0c
240817_079.sxm	20240817_LHe_Cu100	garde		benchmark_actuel		eeb73992883ee82d3aade8302012e858cfcd2ed15f0729dcddb28ff1616008ee
240817_080.sxm	20240817_LHe_Cu100	garde		benchmark_actuel		645ce04f39e94deab4670407c08eb441c79fbd1436f07c30c8a68e3ca4bc755d
240817_081.sxm	20240817_LHe_Cu100	garde		benchmark_actuel		e4a0628c5c67b76788d5703efe6928e6f1fc4502f530c4b54d82e2df4d2f9afc
240817_082.sxm	20240817_LHe_Cu100	garde		benchmark_actuel		fa5bf2a8370866a9a113f0a8ebbd5dc0909cd41cb7df8029c1d94eb304178697
240817_083.sxm	20240817_LHe_Cu100	garde		benchmark_actuel		0083cf92058677a47e1f4850a145911cb985833a96d4a28f500382ebee434d95
240817_084.sxm	20240817_LHe_Cu100	ecarte	vue_large	auto	cadre 100.00x100.00 nm > 20 nm	075a5c9095d3bc29562ee45e9c6ea6904a57751d33b42168695b82f10066a748
240817_085.sxm	20240817_LHe_Cu100	garde		benchmark_actuel		cde05b63fac2d480a892213afbaf3194b79f05b08af3e97d58459dc9b91705ce
240817_086.sxm	20240817_LHe_Cu100	garde		benchmark_actuel		dc2e9e01f60808990ed7cf9f0b6a1a7c4d61f2ae35342de6478ec7fdacd12c8e
240817_087.sxm	20240817_LHe_Cu100	garde		benchmark_actuel		e98beca2670a016830c545772a8ccf33706cdd43f67dc4aa71521d7cdd82188c
240817_088.sxm	20240817_LHe_Cu100	garde		benchmark_actuel		fd558946d062a3b2a31aabeed3482c6c65fc2ebc53c293501650502219ce5aed
240817_089.sxm	20240817_LHe_Cu100	garde		benchmark_actuel		8e935339e8eaaf7d1bd61242a9771a1169742de4ea40a049d9074f0ba7db5e6e
240817_090.sxm	20240817_LHe_Cu100	garde		benchmark_actuel		81fc1bd07ddfcaaac9c94779b816004f45010e55f2fc59fa87cf299b469e2579
240817_091.sxm	20240817_LHe_Cu100	garde		benchmark_actuel		2daa8159d34e07dce7633d65e8c5fe5788b685bc2f3702b4c719faeb8734d3f0
240817_092.sxm	20240817_LHe_Cu100	garde		benchmark_actuel		02dcd14ba6ba8b70eaa5b9975da4b2ebf32947d613e39026962ee0469811c214
240817_093.sxm	20240817_LHe_Cu100	garde		benchmark_actuel		a2d49ba19447ee244b4aa3aec293389c3a9f98c8dc287a1ab1576e54c3788846
240817_094.sxm	20240817_LHe_Cu100	garde		benchmark_actuel		090042f91c84305202fc889efadf4ba16865f75c550bbaa59b117d518a217f72
240818_001.sxm	20240818_LHe_Cu100	ecarte	vue_large	auto	cadre 100.00x100.00 nm > 20 nm	f53d9e7bca4fdc68f84bfb9e949750df2358913ac3587f52d9d422ecf92a98e2
240818_002.sxm	20240818_LHe_Cu100	ecarte	vue_large	auto	cadre 100.00x100.00 nm > 20 nm	d228e8b839d936dcff3ae4771294f4315e04d98a84a4128ebb7641e98bf0a8ba
240818_003.sxm	20240818_LHe_Cu100	ecarte	vue_large	auto	cadre 50.00x50.00 nm > 20 nm	d83b77290873ece5593d50715dadd6708e022d9aca38b1826d2a97c67cc14c30
240818_004.sxm	20240818_LHe_Cu100	ecarte	revue_anterieure_ambigu	revue_anterieure	ambiguous_documented: documented ambiguous/poor/double-tip; low_fwd_bwd_corr=0.51; support_ell_nm=6.31	4c98f5c62f18ef0fa5c50f5fb166ac54a1a3a26867ed434729f1a23bade9460a
240818_005.sxm	20240818_LHe_Cu100	ecarte	revue_anterieure_ambigu	revue_anterieure	ambiguous_documented: documented ambiguous/poor/double-tip; ambiguous_eff=true; support_ell_nm=5.40	d180bd9fdd4aec09efd7c58a6fc5236d63887d7bae6a15aa6392ec0e06ad5c84
240818_006.sxm	20240818_LHe_Cu100	ecarte	revue_anterieure_ambigu	revue_anterieure	ambiguous_documented: documented ambiguous/poor/double-tip; support_ell_nm=3.53	63c70b2786ac13171abd53eaaa4b7640422a43212b037fd876813bca0eac8bde
240818_007.sxm	20240818_LHe_Cu100	garde		benchmark_actuel		433f039e495d3f74ca0e4d30f0e3d27de2a39fa63437010fa6bf6e3f4f579cd9
240818_008.sxm	20240818_LHe_Cu100	ecarte	vue_large	auto	cadre 100.00x100.00 nm > 20 nm	172d1317f71ce6bbddc3a402c2be10fa93936142bdaaf676f68182af12ee1eca
240818_009.sxm	20240818_LHe_Cu100	ecarte	vue_large	auto	cadre 30.00x30.00 nm > 20 nm	79e513544ed3426ce98e7d203db0884e240d757992cc90d67e1a23e2f191d5c3
240818_010.sxm	20240818_LHe_Cu100	ecarte	vue_large	auto	cadre 30.00x30.00 nm > 20 nm	eb99d177da287a06ef0d0389049635a28676747874e2c1a2ade32e85fef7f55c
240818_011.sxm	20240818_LHe_Cu100	garde		benchmark_actuel		247d558369eca1ec9ad887fd8b2ce331db1fb25eb1272060263a3f3a3addf5e5
240818_012.sxm	20240818_LHe_Cu100	garde		benchmark_actuel		80f4bab5b0ae3620ad936c4cf02a22b044d08eb2745dbbf0dd924d2764c49f51
240818_013.sxm	20240818_LHe_Cu100	garde		benchmark_actuel		29af3585ca0d67abebf59f8d6c05eed0cf509f353682d5d38ca37ed4f9caf83f
240818_014.sxm	20240818_LHe_Cu100	ecarte	vue_large	auto	cadre 100.00x100.00 nm > 20 nm	bc7b3b84a4e3a557a6aff8673e1f9ed89f90aae8fdc5f8d63806e67bb2e12fbf
240818_015.sxm	20240818_LHe_Cu100	garde		benchmark_actuel		8b63b89c7fda33ff1a851c78b6cc029a34b793f445a8fc1c206c4aa1a6d7cba0
240818_016.sxm	20240818_LHe_Cu100	garde		benchmark_actuel		890f2a265f4ba368079bbd7f4471966c6406fbb6221638e51a9060dd4fdc7bc6
240818_017.sxm	20240818_LHe_Cu100	garde		benchmark_actuel		782cb7495e30d6ab0e53837b1a1feb76c56c1932c9c8c1a55e842144b65183ab
240818_018.sxm	20240818_LHe_Cu100	garde		benchmark_actuel		effccd31627f6d7ffa30669f8949889c5e9253e208e2134262c09cef7b964867
240818_019.sxm	20240818_LHe_Cu100	garde		benchmark_actuel		4c8a638893bc80bb50954f9827c2e87e85b0e448a484062cb8f2ed6a036807c1
240818_020.sxm	20240818_LHe_Cu100	garde		benchmark_actuel		06ee604924c77893ac27a004737471d2bf73b7525e923ce9676b7cb0cf97d58f
240818_021.sxm	20240818_LHe_Cu100	garde		benchmark_actuel		97c10de7c56637448480d4bdd2049d6a469b33faf23d25fd0de64f77ea339892
240818_022.sxm	20240818_LHe_Cu100	ecarte	vue_large	auto	cadre 100.00x100.00 nm > 20 nm	b660fbf36dbccf5b0585d0dd066243032bb16e24d469c32fba3464be9cf9cfda
240818_023.sxm	20240818_LHe_Cu100	ecarte	vue_large	auto	cadre 50.00x50.00 nm > 20 nm	2196ae3024d056465efdb8f4286822d34faccb58af5ce69adf791f896fcf26e3
240818_024.sxm	20240818_LHe_Cu100	ecarte	revue_anterieure_ambigu	revue_anterieure	ambiguous_documented: documented ambiguous/poor/double-tip; support_ell_nm=9.79	9c77e4ed1ff7adf2eb0ca8c564391d51d67f0e0410d5ea502bb40a675900a34a
240818_025.sxm	20240818_LHe_Cu100	garde		benchmark_actuel		0ed465ed85e92ded47a7ce263086e987903a57409e870f6b2ba75d54de5ca2a4
240818_026.sxm	20240818_LHe_Cu100	garde		benchmark_actuel		3655a9a312cb0eb5c5d977da0c15037c1e6ad21870f5ee3b09d2aeef1471f9cf
240818_027.sxm	20240818_LHe_Cu100	garde		benchmark_actuel		90d8db7a9b30b50d2f3fe0a7e31a591c848310a6ca0ac1abc91927152e3a6799
240818_028.sxm	20240818_LHe_Cu100	garde		benchmark_actuel		ff617da8776b59efefd2463a31b0fde09c2ab25402cca4dcd709faba8f216e0d
241113_001.sxm	20241113_LHe_Cu100	ecarte	vue_large	auto	cadre 50.00x50.00 nm > 20 nm	6e3329f1fd7db8fff377d82a42c24111c74269e62dc345dd26faf530defe5f50
241113_002.sxm	20241113_LHe_Cu100	ecarte	vue_large	auto	cadre 70.00x70.00 nm > 20 nm	70a7ed478ce27565136191fcaa5a7cfda40325b514d8aa0530e5a6652657e1d2
241113_003.sxm	20241113_LHe_Cu100	ecarte	vue_large	auto	cadre 30.00x30.00 nm > 20 nm	252085341732056436630fe393819ae2b0ef87ab2ef9b75a219e51527a7e4350
241113_004.sxm	20241113_LHe_Cu100	ecarte	molecule_coupee	premier_tri_assistant	touche la zone non scannée	17d3d93d65a17e5cd077c624d1ba1a65ba8c27c014c046a0a3fce563c80f2e42
241113_005.sxm	20241113_LHe_Cu100	ecarte	incertain	premier_tri_assistant	courte ou repliée (ROI 1.9 nm)	dee391a0cc0813833681fd0af54695b9ca9fe56b9e34af8891c5dccb5dd24478
241113_006.sxm	20241113_LHe_Cu100	ecarte	molecule_coupee	premier_tri_assistant	dans le coin, presque hors cadre	1ac0c2df776ca287e5788a3aba58b908713220578a5002241c7feaf697edfc7d
241113_007.sxm	20241113_LHe_Cu100	ecarte	vue_large	auto	cadre 50.00x50.00 nm > 20 nm	f8d6fe763942195962c91c393001eac480648a7b933e4c58d0f985bd655fdc0a
241113_008.sxm	20241113_LHe_Cu100	ecarte	molecule_coupee	premier_tri_assistant	touche la zone non scannée	7c95c99fe18072e1c2373d1d2e9754e303cf0b8f1dce390ef989435f3faff49a
241113_009.sxm	20241113_LHe_Cu100	ecarte	incertain	premier_tri_assistant	courte ou repliée (ROI 2.7 nm)	2243668b9364ee2e371d6b509c35232b906b215c7465802d65197ac7c696bd6d
241113_010.sxm	20241113_LHe_Cu100	ecarte	incertain	premier_tri_assistant	courte ou repliée (ROI 2.8 nm)	56aae47414f85180876d1632ad203c9a51db43b36c4e46147ea64105d3c4a28b
241113_011.sxm	20241113_LHe_Cu100	ecarte	incertain	premier_tri_assistant	courte ou repliée (ROI 2.7 nm)	6a678c725ec36edf3d57899ecc08ccc308442f16008e681a5f2488bc1a550940
241113_012.sxm	20241113_LHe_Cu100	ecarte	vue_large	auto	cadre 50.00x50.00 nm > 20 nm	8567b0738d58242320181b3d3a27c0c42207ec14266e950f55e8c6d49a36bdec
241113_013.sxm	20241113_LHe_Cu100	ecarte	incertain	premier_tri_assistant	courte ou repliée (ROI 2.6 nm)	86a1475ef7338b06f4bca0575b2c593d2160820bedb1c8dd9b6c2f08530319c5
241113_014.sxm	20241113_LHe_Cu100	ecarte	vue_large	auto	cadre 50.00x50.00 nm > 20 nm	63ae70a9918d790c4119e7fcaf2c5a58e9d54861f6a534f0020539bee2311a05
241113_015.sxm	20241113_LHe_Cu100	ecarte	incertain	premier_tri_assistant	courte ou repliée, près de la zone non scannée	de57d922296c940f238ba94004310aca29e9e9a370c045e6bcae29e44fa90263
241113_016.sxm	20241113_LHe_Cu100	ecarte	incertain	premier_tri_assistant	courte ou repliée, près de la zone non scannée	7309fab0788bd4066c3744b28380bcf63bf3c714a9c63ad71a2d10110ef0b7d3
241113_017.sxm	20241113_LHe_Cu100	ecarte	vue_large	auto	cadre 50.00x50.00 nm > 20 nm	afd207acf83fe4a88fb569365a5cbad1b7a30b936f9b3a34f90684c7a7d08526
241113_018.sxm	20241113_LHe_Cu100	ecarte	vue_large	auto	cadre 50.00x50.00 nm > 20 nm	614d5ba043e42d9fcddccd37e917e3d4df66a36565a954e8d31ee9a479002324
241113_019.sxm	20241113_LHe_Cu100	ecarte	molecule_coupee	premier_tri_assistant	touche la zone non scannée	5ff39037f44d3bf722789ac255e590ea1f24fe0cc2b57b05cbc63a6ee99c158e
241113_020.sxm	20241113_LHe_Cu100	ecarte	incertain	premier_tri_assistant	courte ou repliée (ROI 2.9 nm)	d3bd7f4bbd1130ec8f2a0bc58ce0fbf34cd29f41a373062fe06b2877203021e2
241113_021.sxm	20241113_LHe_Cu100	ecarte	vue_large	auto	cadre 50.00x50.00 nm > 20 nm	262a6996c4b72ec3541a04a8737dd1e46bb1f61f451069df7ed65439373e9180
241113_022.sxm	20241113_LHe_Cu100	ecarte	vue_large	auto	cadre 50.00x50.00 nm > 20 nm	66118e0afe92fbdeb25e11818a19a87668b20879ca8210a753b93ccf02056e66
241113_023.sxm	20241113_LHe_Cu100	ecarte	vue_large	auto	cadre 100.00x100.00 nm > 20 nm	59d4dcc3cc7be7e7a14caaf3fbd69db07697c3a734dd44e6c0f9836cbec551ae
241113_024.sxm	20241113_LHe_Cu100	ecarte	vue_large	auto	cadre 100.00x100.00 nm > 20 nm	d11b2b84be5c360859e301f117f3ca188d5414cb23a94fe5e461ee1131057ad3
241113_025.sxm	20241113_LHe_Cu100	ecarte	incertain	premier_tri_assistant	courte ou repliée (ROI 3.0 nm)	ebfa4cd9b3c82f13887f31c874853ad1d9e9fb9f8152438a9ee6b83ca4b36f9d
241113_026.sxm	20241113_LHe_Cu100	ecarte	incertain	premier_tri_assistant	courte ou repliée (ROI 2.8 nm)	6a6b4c05e4ee4c54a4da135c09dfeef01db5a9d5e41304d1f3e64d1b7cb687d3
241113_027.sxm	20241113_LHe_Cu100	ecarte	incertain	premier_tri_assistant	courte ou repliée (ROI 2.7 nm)	e51a30767724fc5171be12c135b9b58e3d393b5b0ae5ba6ac1a0cb035073e544
241113_028.sxm	20241113_LHe_Cu100	ecarte	incertain	premier_tri_assistant	courte ou repliée (ROI 2.6 nm)	de6aeabe08d79a50812ebb5650ee0d85dba52216e6224c3bf21ea9c629dbe63a
241113_029.sxm	20241113_LHe_Cu100	ecarte	incertain	premier_tri_assistant	courte ou repliée (ROI 2.6 nm)	66f6150655c995d90d4cbc85ceb47e6eec236bbb6e9e9cc5bf49b79c5f1cb045
241113_030.sxm	20241113_LHe_Cu100	ecarte	incertain	premier_tri_assistant	courte ou repliée (ROI 2.7 nm)	a68b89a0b25dc782283a276697d86b1badc117830674bd93de7af6cd547a7f87
241113_031.sxm	20241113_LHe_Cu100	ecarte	incertain	premier_tri_assistant	courte ou repliée (ROI 2.7 nm)	bf573e1c674321a3cb96dc9567cb24a9e3b03f6ed48d6425f88b902cf77052cb
241113_032.sxm	20241113_LHe_Cu100	ecarte	incertain	premier_tri_assistant	courte ou repliée (ROI 2.7 nm)	43bbf2a2ab77c862590bccc3e9dde89c9424842fb3ade631bd901dd4a2ef6237
241113_033.sxm	20241113_LHe_Cu100	ecarte	incertain	premier_tri_assistant	courte ou repliée (ROI 2.7 nm)	546e95b726df7d3e8806b33f1032f4450f81f27c35bc2955843767731bdc7df8
241113_034.sxm	20241113_LHe_Cu100	garde		premier_tri_assistant	autre objet à ~1.5 nm	ce0b6bc831af5248afaa02ac21e66f3e9bb7c5f6b3842cb39b36e044f0fab3f3
241113_035.sxm	20241113_LHe_Cu100	ecarte	vue_large	auto	cadre 100.00x100.00 nm > 20 nm	f5cb0b573a2dc02c3b2bb888c9d878657129f0bf917bcff0f499fe8cfc73e63f
241113_036.sxm	20241113_LHe_Cu100	ecarte	artefact_pointe	premier_tri_assistant	saut de ligne à travers la molécule	3b7cb7699fd1d4c0087284c23ac77a0b34c671ea3e7a50d933a66e54753aea55
241113_037.sxm	20241113_LHe_Cu100	ecarte	incertain	premier_tri_assistant	allongée (ROI 4.7 nm), stries	eabc11022dcec768ab275eeddcb855d6aed74c7b2e9806411da93be6c46389a9
241113_038.sxm	20241113_LHe_Cu100	ecarte	incertain	premier_tri_assistant	allongée (ROI 4.65 nm), stries	bf7d2439cd27bdd1dcb075213f30c70b98fc0b38b216cab2b9382abff40a4e71
241113_039.sxm	20241113_LHe_Cu100	garde		premier_tri_assistant		70b32bb0faf54c766cd755190d3d5b448692fd743868b3d3d2f626a0fa9a3277
241113_040.sxm	20241113_LHe_Cu100	ecarte	artefact_pointe	premier_tri_assistant	stries sur la molécule	071924918d26a30564b9a77066190ee03a77d7d84dcc110f2233cbbce184331e
241113_041.sxm	20241113_LHe_Cu100	ecarte	artefact_pointe	premier_tri_assistant	stries sur la molécule	9432a4718da30b1969dd18a2432beb78dcff6aab3361c9c1f92ec9256d08ca8e
241113_042.sxm	20241113_LHe_Cu100	ecarte	artefact_pointe	premier_tri_assistant	stries sur la molécule	6f8e40c2ac87cfd8b95e668b8f28d0a116e794b980d310e99a2e98ce26f139e0
241113_043.sxm	20241113_LHe_Cu100	ecarte	vue_large	auto	cadre 100.00x100.00 nm > 20 nm	beed3fddbf275cbeb8630cb9021df8bae888415c287b7e463411e8359f9a4a4c
241113_044.sxm	20241113_LHe_Cu100	ecarte	vue_large	auto	cadre 50.00x50.00 nm > 20 nm	adc2a62a8b01c4aa7023aecf12bdf2701f4ea1d72a8dd1c7b08c5a482d0cbce2
241113_045.sxm	20241113_LHe_Cu100	garde		premier_tri_assistant		a37089b5d5220087ff6c7269668ef13a94f4f7a185b2485bab86dc05dd1b37bf
241113_046.sxm	20241113_LHe_Cu100	garde		premier_tri_assistant		37c69c8000aa9c8b834a13b79d4c421c10f58d57ec91d8366dafd5f2c84d50cb
241113_047.sxm	20241113_LHe_Cu100	garde		premier_tri_assistant		782469ab2d995898c5068127839ca5d3b1db31c0f7389962f799c5e631c8e6b2
241113_048.sxm	20241113_LHe_Cu100	ecarte	artefact_pointe	premier_tri_assistant	saut de ligne à travers la molécule	fff80db636c9e18d28d187b1eff3c2308edf925662e7469d278773bf408cfa61
241113_049.sxm	20241113_LHe_Cu100	garde		premier_tri_assistant		102f9b97c9106996bcd6f828c6753fa1e9e41163f75e43d9425a2606d5cd9cc5
241113_050.sxm	20241113_LHe_Cu100	garde		premier_tri_assistant		55f9c40df4016b4396b8243ed56c854edd537ee127d1582c9d767e25ec65a828
241113_051.sxm	20241113_LHe_Cu100	garde		premier_tri_assistant		b1d11e8f217a6c464745684fc3145e3d403a93f9d1d054e97df4436058878529
241113_052.sxm	20241113_LHe_Cu100	garde		premier_tri_assistant		78f63aef533677d6378557748455fce465f9b8e5099769fa1fc0e647d2d84f73
241113_053.sxm	20241113_LHe_Cu100	garde		premier_tri_assistant		3bb53ef05e629eb5a53d0e6892120d3c1cc4aef9dd6b0ab71ea174b956ab1b73
241113_054.sxm	20241113_LHe_Cu100	ecarte	vue_large	auto	cadre 100.00x100.00 nm > 20 nm	56d8a1cfb161ddc8578c01e7c6179873a36e46f7dcb11e58668a5d413d971bfb
241113_055.sxm	20241113_LHe_Cu100	ecarte	incertain	premier_tri_assistant	allongée (ROI 5.0 nm), stries	d1f1fbe43a3a0949264edcfff2010bdb826ec85d1ab87c875eba03f801107cad
241113_056.sxm	20241113_LHe_Cu100	garde		premier_tri_assistant		e687a1e64348f7aa8b4e954f926dbe6bb22092272b5f1ec65e3c9ea9357d6dbf
241113_057.sxm	20241113_LHe_Cu100	garde		premier_tri_assistant		b4fb2159edfe501d3f8d471e184a5428039cf0344d6f149054c18f4bfe3c6802
241113_058.sxm	20241113_LHe_Cu100	garde		premier_tri_assistant		02c6725b840b411b93754b9a473ef44d37c6cdf08238c6a457c97e4f617212e1
241113_059.sxm	20241113_LHe_Cu100	ecarte	vue_large	auto	cadre 100.00x100.00 nm > 20 nm	6c4b6cdf9bd6256b8bb69b9fce530ffa915b3c2c9283eb26ea96e1f66ceca3a7
241113_060.sxm	20241113_LHe_Cu100	garde		premier_tri_assistant	même molécule que 241113_058, cadre 10 nm	925236fbecb52665a3fe34907f555f2cfb4a817cebc9bc4e0283671793cbd783
241113_061.sxm	20241113_LHe_Cu100	ecarte	vue_large	auto	cadre 100.00x100.00 nm > 20 nm	08b3d2aa03f9cbdabd2641271443c6845cc51f3c56843bae34d5a0935f0dae5d
241113_062.sxm	20241113_LHe_Cu100	ecarte	vue_large	auto	cadre 120.00x120.00 nm > 20 nm	ef0f9658c18bb154e0b912a0e0be376366525dfe4f774e7ac72d29012ddd08fa
241113_063.sxm	20241113_LHe_Cu100	ecarte	vue_large	auto	cadre 120.00x120.00 nm > 20 nm	132a6dd346fcceb57e2ef3ed950b1d3407572a79c9c77dc6e980a4eea81694cc
241113_064.sxm	20241113_LHe_Cu100	ecarte	vue_large	auto	cadre 30.00x30.00 nm > 20 nm	cc9eb447fa429885def03ddd79b3d8f64cf90d22a82c92b88f46c3a7cd0c7148
241113_065.sxm	20241113_LHe_Cu100	garde		premier_tri_assistant		b4181da9c34d30545c2b4805a8c296b74afa9f04a07cbc9e2546af5265432c91
241113_066.sxm	20241113_LHe_Cu100	garde		premier_tri_assistant		7da3fac8a8648401dfbef10297351b105501beedcb1796ff249b7a83250a9b57
241113_067.sxm	20241113_LHe_Cu100	ecarte	vue_large	auto	cadre 120.00x120.00 nm > 20 nm	8c0f59ad8031b455f101004aff551ab3adf587778b05d1719e1be0f0cb2262ea
241113_068.sxm	20241113_LHe_Cu100	ecarte	vue_large	auto	cadre 120.00x120.00 nm > 20 nm	b23aac2538536be3c96c7944e5fd4b53df5f2fb4714a050701eca32efe6ee250
241113_069.sxm	20241113_LHe_Cu100	ecarte	pas_de_molecule	premier_tri_assistant	objet rond isolé, bruit	be2decc6fd0460ba5e45656cf3856619309bd26f9005c6d8b03c38bf029b6292
241113_070.sxm	20241113_LHe_Cu100	ecarte	incertain	premier_tri_assistant	cadre 15 nm, allongée (ROI 5.4 nm)	15319c7d8036a9c3dc918499f4e5fc4929d93ca238c0b45533bd0b5f8eec25fb
241113_071.sxm	20241113_LHe_Cu100	garde		premier_tri_assistant		da45668e944d6d1d0f525426fd9ed69a2636300c394cd497ee7049bbadd64dc1
241113_072.sxm	20241113_LHe_Cu100	garde		premier_tri_assistant		d2007470606415cbc47ec5b035cd955d438d4bc3f4cc8b8d3f953c22858cc52c
241113_073.sxm	20241113_LHe_Cu100	garde		premier_tri_assistant		50cb946ae03565119096c370abc2c867be16c2fdd0ca0e56b6a42d1ac9aab2c2
241113_074.sxm	20241113_LHe_Cu100	garde		premier_tri_assistant		e7548e6c0bdb021bbaf3ddf3978d8b5e183c57292675c8309bd9c699e7e5ad4c
241113_075.sxm	20241113_LHe_Cu100	garde		premier_tri_assistant		a53a252f9cc6a2e0af9df5ffebf75b5bcab0e02912a4d07cded5028046d03e7b
241113_076.sxm	20241113_LHe_Cu100	ecarte	vue_large	auto	cadre 60.00x60.00 nm > 20 nm	d409f8fe78a91473c1a78f555e570ab1c3af21996ae7a02112061bb1d22279fe
241113_077.sxm	20241113_LHe_Cu100	garde		premier_tri_assistant	même molécule que 241113_078-081, cadre 10 nm (ROI plus floue)	b6baf74bcdd017d67ed7bead28da3f49139a7366e97744ec376d13a7a4b13182
241113_078.sxm	20241113_LHe_Cu100	garde		premier_tri_assistant		5d077750407376b554c0acdf39203615a4827f16edce1802c3ccdc3d8f0efda4
241113_079.sxm	20241113_LHe_Cu100	garde		premier_tri_assistant		cdeb9d72ef3d4910006561e969f79822e0698351150d16642fe26302d52eaa99
241113_080.sxm	20241113_LHe_Cu100	garde		premier_tri_assistant		8d2a3347edb748533ad4f29e84547ffefcec4fb7c51133b4454038788148a3a9
241113_081.sxm	20241113_LHe_Cu100	garde		premier_tri_assistant		4c229b0914582b8373da1119c3775f9636090aa0fec02452bd85160841cbce82
241113_082.sxm	20241113_LHe_Cu100	ecarte	vue_large	auto	cadre 100.00x100.00 nm > 20 nm	8b2af8c45fbe93e986833fd3986a43ae1bcc63b83ec227727aa7fa692293e421
241113_083.sxm	20241113_LHe_Cu100	ecarte	incertain	premier_tri_assistant	cadre 20 nm, allongée (ROI 5.8 nm)	9095eaeca4f73c731ebff105f14b455ec3da99914706b6ed8bc4c3079851a677
241113_084.sxm	20241113_LHe_Cu100	garde		premier_tri_assistant		a0be5290e05eb83f36fcd908e331210dc9ce661648551e23537866c6e914b9b3
241113_085.sxm	20241113_LHe_Cu100	garde		benchmark_actuel		fb2b2745698aa07852e9b6ea76751a090368517dab30409a9e1e9ddef1e5b895
241113_086.sxm	20241113_LHe_Cu100	garde		benchmark_actuel		a46dd96912a194033a28c921cdc7b92843aa54427bb8fb6dec532e6809ad3da3
241113_087.sxm	20241113_LHe_Cu100	garde		benchmark_actuel		12c15779906d11f7af211e7dbbe1a2bff6ec7428cbb82c3b506fb355062ec04d
241113_088.sxm	20241113_LHe_Cu100	garde		benchmark_actuel		52d9840fe3c4b38f012743d639eb62154a714e989922bcf326d1020ab1b57a46
241113_089.sxm	20241113_LHe_Cu100	garde		benchmark_actuel		35415b505e6937bd2fbf1fde100e25ae835ffc2646507b8f715adcafe036055c
241113_090.sxm	20241113_LHe_Cu100	ecarte	incertain	premier_tri_assistant	deux segments séparés, contraste inhabituel	e3af45beb62be501fead64bedaec41672ad1ca81fa0ce43a4e635005b71f0562
241113_091.sxm	20241113_LHe_Cu100	ecarte	vue_large	auto	cadre 120.00x120.00 nm > 20 nm	efe799dc779c283c0171f68c164f39ac3ae6d941d7ca2edb8d6f19188baa008c
241113_092.sxm	20241113_LHe_Cu100	ecarte	artefact_pointe	premier_tri_assistant	saut de ligne à travers la molécule	79b6c1943983cf1e307078f9f5e0a70f84dc9820ca47a855c0b210c6ff244f3e
241113_093.sxm	20241113_LHe_Cu100	ecarte	incertain	premier_tri_assistant	cadre 20 nm, allongée (ROI 5.5 nm)	938a981e9f5639b49b0b8c725d312ada4ff97c4e2c403f286ba6d94f9809f15b
241113_094.sxm	20241113_LHe_Cu100	garde		benchmark_actuel		35c96299770be7f9904cfa4042262a412facbfed51745976c99007b1194dcc57
241113_095.sxm	20241113_LHe_Cu100	garde		premier_tri_assistant		dc4d5990855cbf1088dbe9529bc4fa92826bb74fca4486a09f5613442dc43862
241113_096.sxm	20241113_LHe_Cu100	garde		premier_tri_assistant		3d12bebb007721c083a2a70aa503092798532c101841ac6cdcec5f832430a81b
241113_097.sxm	20241113_LHe_Cu100	garde		premier_tri_assistant		a65961a2fcd24eb88b995cbde2eca9e459bd813e3e800a16afe80b2678796f2b
241113_098.sxm	20241113_LHe_Cu100	ecarte	plusieurs_objets	premier_tri_assistant	chaîne et objet accolé, près de la zone non scannée	e6d77e01bcdd556ef746071bbf19aafb80d378bcd7b71cef63155f5503723e2e
241113_099.sxm	20241113_LHe_Cu100	ecarte	vue_large	auto	cadre 120.00x120.00 nm > 20 nm	ca9f401a0ceffa85967138bf57e0e366de7bef864d6cccadc0791bb188451c93
241113_100.sxm	20241113_LHe_Cu100	ecarte	artefact_pointe	premier_tri_assistant	image dédoublée/granuleuse	97f244d096c4b1bf5d0aef0f490a8c5b6a62b882fe2e9e4d339e01bc2ed2a361
241113_101.sxm	20241113_LHe_Cu100	ecarte	artefact_pointe	premier_tri_assistant	image dédoublée/granuleuse	938559a724d378dcf799df6cae350a8cec80850623fc8216d2eaf8bb2313edff
241113_102.sxm	20241113_LHe_Cu100	ecarte	vue_large	auto	cadre 120.00x120.00 nm > 20 nm	3b38d256463abfd942559623c95f3a6db1be1dfa1afda4818e91db5a2385d107
241113_103.sxm	20241113_LHe_Cu100	garde		premier_tri_assistant		fe6d88af8edc8b314b73521bb2a0f82e733066516c83b9fcd147185ee9ee342b
241113_104.sxm	20241113_LHe_Cu100	garde		premier_tri_assistant		711cbf70176a327ad80b41d06e10cc3f435286e676cd76c8523eddb1d7a88e23
241113_105.sxm	20241113_LHe_Cu100	garde		premier_tri_assistant		649d3fb7a8c2da78993ae3618c7075f02a8db19b973f5868b1244a54b72180c9
241113_106.sxm	20241113_LHe_Cu100	garde		premier_tri_assistant		7bf62fee174cd82b8e63a306abd114e1544220fbeefa2136fd265a6e93baf3c9
241113_107.sxm	20241113_LHe_Cu100	garde		premier_tri_assistant		c4ba7b097e23780727ccd43ca10bb309f65cff60cd93e6d7d5da53125b03ff55
241113_108.sxm	20241113_LHe_Cu100	garde		premier_tri_assistant	floue	3606fff9297a48d809d9e7e4a2a33655dca152a8777680c5c045fbfe6f20b8b8
241113_109.sxm	20241113_LHe_Cu100	ecarte	vue_large	auto	cadre 35.00x35.00 nm > 20 nm	0e5bf88a4c7fe8654e4d14f4ccadf08297d9afb0f0c7c05536d755155976a548
241113_110.sxm	20241113_LHe_Cu100	garde		premier_tri_assistant		12200c4ad8aff19c98337713a606716f2841c95dbe0d51c07a771f8c96037801
241113_111.sxm	20241113_LHe_Cu100	ecarte	vue_large	auto	cadre 35.00x35.00 nm > 20 nm	87acdfa745ddb1fe46b23b263fe76a5330adee0390d6a54dddeb8dfc3e06c699
241113_112.sxm	20241113_LHe_Cu100	ecarte	artefact_pointe	premier_tri_assistant	changement de pointe pendant le scan	684767500ec3aab4850b6543e02888ac29489121070d3d67ef2e1f9cda000cde
241113_113.sxm	20241113_LHe_Cu100	garde		premier_tri_assistant		ecc96a699880f00b627b7fde3bd3d615839d716d65c4a87470abb8a41769e37d
241113_114.sxm	20241113_LHe_Cu100	garde		premier_tri_assistant		5121772340943ae21319b43828aeb93537bab47c50d5cf39a461cf8359a57c1b
241113_115.sxm	20241113_LHe_Cu100	garde		premier_tri_assistant		283a4de888a467481a7b44c389258d6a0e1e79054c31d894c054b8e445713ca6
241113_116.sxm	20241113_LHe_Cu100	garde		premier_tri_assistant		9f4f0a386acafcb4e42b6e1ae28de6a9b742c63ef87f4cdcccfcc5759f2dd41f
241113_117.sxm	20241113_LHe_Cu100	garde		premier_tri_assistant		a40c4e817b4969d207223515ec50c33e70be7282acb02f3e08349619f5eb0f66
241113_118.sxm	20241113_LHe_Cu100	garde		premier_tri_assistant		d5b0d15ffbd5a09d5178d3e4ea214516b7599f46bb2950fa162b296f3c555a66
241113_119.sxm	20241113_LHe_Cu100	garde		premier_tri_assistant		52dcbc08eba32fc0954f4790fc3b6996ec64d217c5cfd2f7e4bbc4abe433408c
241113_120.sxm	20241113_LHe_Cu100	garde		premier_tri_assistant		45c90019de09f9379b9211f9d4e752d4829030d3f516020780ce18e9c002da7e
241113_121.sxm	20241113_LHe_Cu100	garde		premier_tri_assistant		904112e000145724150ee0424878e6e579b368e827ddca078319493dcf68675b
241113_122.sxm	20241113_LHe_Cu100	garde		premier_tri_assistant		909fc1c680c06cb842ac3e9c24c6e12dc954588b58319a80bd8314be83659ae8
241113_123.sxm	20241113_LHe_Cu100	garde		premier_tri_assistant		a74242da7caf2a2ea7a376b93a8f4286b979b14d8285054c132879186b6f79ba
241113_124.sxm	20241113_LHe_Cu100	ecarte	vue_large	auto	cadre 120.00x120.00 nm > 20 nm	1804ae3f36456b4c910343d9cb6e3d681dbe3ee5bce511b3c58768c9ceb143e9
241113_125.sxm	20241113_LHe_Cu100	ecarte	incertain	premier_tri_assistant	cadre 20 nm, allongée (ROI 5.3 nm)	ddac09046d6dae32ac983f5a6ebbef467837ed826442006983d466eeebcae8c4
241113_126.sxm	20241113_LHe_Cu100	garde		premier_tri_assistant		198cceed0628e0cf60e0fb7f4e9be349290b193c58cb34ae0559a42209f8a1bf
241113_127.sxm	20241113_LHe_Cu100	ecarte	artefact_pointe	premier_tri_assistant	bords déchiquetés, stries	8e86df1f81e8d42ff39f380211b464d3c050cfc7f650171299f3e9a634af5d9e
241113_128.sxm	20241113_LHe_Cu100	ecarte	vue_large	auto	cadre 120.00x120.00 nm > 20 nm	88fbc6a426f6d6e39d47304d1f2431b5c9fb77378f01c69032e95bd7a7ec0b78
241113_129.sxm	20241113_LHe_Cu100	garde		premier_tri_assistant		987f711879ec381f5f3cad81a86a2c6c441bc8d04768ffc01aa9fda07b737a73
241113_130.sxm	20241113_LHe_Cu100	garde		premier_tri_assistant		1b1c2e9339e0d8fbf425116d7d82e10f96f4da6ad7ef3bb4ae87a66f8ea46a54
241113_131.sxm	20241113_LHe_Cu100	ecarte	plusieurs_objets	premier_tri_assistant	objet faible accolé parallèlement	d16e855fbece05913972307eeec07ac1da162f4ecb7979c231362a0b916715c2
241113_132.sxm	20241113_LHe_Cu100	ecarte	incertain	premier_tri_assistant	cadre 20 nm, allongée (ROI 5.5 nm)	b7345fad53a85aa7249b29d321bffce513dc0bf97aef1267eede1a1ffd122f83
241113_133.sxm	20241113_LHe_Cu100	ecarte	pas_6mere_long	premier_tri_assistant	chaîne longue (ROI 9.5 nm)	8a353bfd31f6680e17f696421f0dc6bb88a0cdb21f1b92ec0070a42aa1e7b02c
241113_134.sxm	20241113_LHe_Cu100	ecarte	pas_6mere_long	premier_tri_assistant	chaîne longue (ROI 7.3 nm)	fa71cb16b356aec757410c9de1000558deb3b99a90d4e04cda3e790330671f25
241113_135.sxm	20241113_LHe_Cu100	ecarte	vue_large	auto	cadre 120.00x120.00 nm > 20 nm	be46ddbe9cc881f46564aa914c33d829c763d665149a85b1f5db988c308c5115
241113_136.sxm	20241113_LHe_Cu100	ecarte	artefact_pointe	premier_tri_assistant	image dédoublée/granuleuse	a4dcc3c37772ffda3acccfb2a7daf810e84aa65bcf26b44e327893c226550fc4
241113_137.sxm	20241113_LHe_Cu100	ecarte	pas_6mere_long	premier_tri_assistant	chaîne longue (ROI 8.0 nm)	47fdc526811bd81cd3cef4775ba50a1a0713cf15c8dadfeb6cf534218da862c8
241113_138.sxm	20241113_LHe_Cu100	ecarte	pas_6mere_long	premier_tri_assistant	chaîne longue (ROI 7.3 nm)	0246f6706db5052553e17e663ef227127cafb2472b1f6c4c25ab817dd975cf43
241113_139.sxm	20241113_LHe_Cu100	ecarte	molecule_coupee	premier_tri_assistant	touche la zone non scannée	9e1b110192b3aa6dfd98d278d3c7e020416c1fdf275f6a5b578e077af47bd836
241113_140.sxm	20241113_LHe_Cu100	garde		premier_tri_assistant		978c2010a89b16b68e1a0b292006d64d1e2e392d05c5ccf7dd2b17b73cdb44d8
241113_141.sxm	20241113_LHe_Cu100	ecarte	vue_large	auto	cadre 50.00x50.00 nm > 20 nm	5cdc2c640efd8d79402cc12e38915e2239b8d2139688626153901c7a7707a36d
241113_142.sxm	20241113_LHe_Cu100	ecarte	vue_large	auto	cadre 100.00x100.00 nm > 20 nm	9bd2edfe94b7c615bf05d084dc3e5d00f0efc00e25b68fdc06448c049cd0241c
241113_143.sxm	20241113_LHe_Cu100	ecarte	vue_large	auto	cadre 40.00x40.00 nm > 20 nm	a33fc9accb28f4ef993fd1bc8a9454b6b9da081466b74d8f4c58bb8bf54b857e
241113_144.sxm	20241113_LHe_Cu100	ecarte	incertain	premier_tri_assistant	floue et allongée (ROI 5.5 nm)	69e87c4a589e38ea3b9b957467855559fde40a854639e613a15b8e7bd71110d1
241113_145.sxm	20241113_LHe_Cu100	ecarte	incertain	premier_tri_assistant	allongée (ROI 4.9 nm)	2597151752c5a03e54db697866f34e0900de3538a4ae691e1106175c6cb16417
241113_146.sxm	20241113_LHe_Cu100	ecarte	molecule_coupee	premier_tri_assistant	au bord de la zone observée	6dad664f44d2d43193beb7b8f7f421a469a23e38a9dc334cfc91ed7326663855
241113_147.sxm	20241113_LHe_Cu100	garde		premier_tri_assistant		f269a94394efd096b2cb26dc9b8e50da349b47b1fda06cccfbda43f4f1a61a5e
241113_148.sxm	20241113_LHe_Cu100	garde		premier_tri_assistant		3a9a2de4541576b00649657717158f65579f85afca343fcb6ecf0f879abea185
241113_149.sxm	20241113_LHe_Cu100	garde		premier_tri_assistant		b13e99783649c83dcb4ee207f9c4a82c52832c73e59ec314253b8dfb9a75bd41
241113_150.sxm	20241113_LHe_Cu100	ecarte	incertain	premier_tri_assistant	halo diffus à côté de la chaîne	46331d1c11d015e72f3906717de1fe495b6ba79eec4aa1b0ff3c36d9193c00d0
241113_151.sxm	20241113_LHe_Cu100	garde		premier_tri_assistant		9d8caac92f01a3e284c1c8896b0e315c7b91e4b345602cd3893436ad578591a8
241113_152.sxm	20241113_LHe_Cu100	garde		premier_tri_assistant		6fe7e4f9265c78f1de52ac213ddd33a4e3cab3dd947575e1eb52188334ca78b1
241113_153.sxm	20241113_LHe_Cu100	garde		premier_tri_assistant		c9930bc0a3987fe75409a7209d905f102a54c0dbb6c2d2bcea7dff12a5ff9e47
241113_154.sxm	20241113_LHe_Cu100	garde		premier_tri_assistant		de62abb2c14b3f62726e74959b36849bdc8db5d5a50aaca952455a8b7aa2b1d4
241113_155.sxm	20241113_LHe_Cu100	garde		premier_tri_assistant		882916bafb94bc793298ee6fc9943474c14193b1c207439c868a1c5f2d0cb358
241113_156.sxm	20241113_LHe_Cu100	garde		premier_tri_assistant		8f9b43465c9c1d4375aa6f0be3fe43076d00a182812d365146be9950c36cbc0a
241113_157.sxm	20241113_LHe_Cu100	garde		benchmark_actuel		8c609b8fb4bac8b1a398108919686ce030ef050e8e1076e4f4c2d9c38beb7eec
241113_158.sxm	20241113_LHe_Cu100	ecarte	vue_large	auto	cadre 100.00x100.00 nm > 20 nm	34eeccfb54c53e00279e4ebf1254cbb49f061494de8ba6e9f383dcf316082141
241113_159.sxm	20241113_LHe_Cu100	ecarte	pas_de_molecule	premier_tri_assistant	bruit	f20d8633988727f6fe939831e7c0c62126612d167c68658166abd8ae14fc5484
241113_160.sxm	20241113_LHe_Cu100	garde		benchmark_actuel		982cf233f4f8ec428ef8411421192609038b0ba67375a1f732962e22daa0b94d
241113_161.sxm	20241113_LHe_Cu100	ecarte	vue_large	auto	cadre 40.00x40.00 nm > 20 nm	40a69c1798e1b4317a1195377050fc597467903ba36560e388fd0378c9d63214
241113_162.sxm	20241113_LHe_Cu100	garde		premier_tri_assistant	même molécule que 241114_004 [benchmark], cadre 10 nm	b45c79d6ce9a579f57db45162746c57fbba172af4530103da7739c272b1a5c26
20241113_LHe_Cu100_241114_015.sxm	20241113_LHe_Cu100	ecarte	molecule_coupee	auto	la zone de la molécule traverse le cadre	356f9815f684a23867cbb27e06442a698f848e673e933656577d1fff5c3939a2
241114_001.sxm	20241114_LHe_Cu100	garde		premier_tri_assistant	même molécule que 241114_004 [benchmark], cadre 10 nm	3fb558d4d21c231f162c3755c67c6de3ab4b714610ac4ec3bc05c469cace6611
241114_002.sxm	20241114_LHe_Cu100	garde		premier_tri_assistant	même molécule que 241114_004 [benchmark], cadre 10 nm	a534859d3ee94bb51ab3f3df344e4be430741e34c2d3bf4c5a65842ad7c37d99
241114_003.sxm	20241114_LHe_Cu100	garde		premier_tri_assistant	même molécule que 241114_004 [benchmark], cadre 10 nm	c1bb36f3d16110b949feea2fce21c88a6bd6c98eef0641f22e7bec16c7b2b378
241114_004.sxm	20241114_LHe_Cu100	garde		benchmark_actuel		121f1af53bd2040b7b34c317dde99c36a47362c485b00572f07d5731dfd636a9
241114_005.sxm	20241114_LHe_Cu100	ecarte	vue_large	auto	cadre 100.00x100.00 nm > 20 nm	dc99e020a0592e8f5ec1d0e0603ca3cc0b84766105a49a37ef09b3dd86cf7a9b
241114_006.sxm	20241114_LHe_Cu100	ecarte	vue_large	auto	cadre 30.00x30.00 nm > 20 nm	0c9dc44005829c4255a5870b57c62495a2e9f5ac6c18120a3edbd65913872685
241114_007.sxm	20241114_LHe_Cu100	garde		premier_tri_assistant	même molécule que 241114_010-012 [benchmark], cadre 10 nm	4adf15865d885d792d3475749f9d64e2034ea2fcfad960536a835e5030847bdd
241114_008.sxm	20241114_LHe_Cu100	garde		premier_tri_assistant	même molécule que 241114_010-012 [benchmark], cadre 10 nm	730c36ab05aebdc7789f368bacd6174dacc92229ef349418fa3adfbca781749a
241114_009.sxm	20241114_LHe_Cu100	garde		premier_tri_assistant	même molécule que 241114_010-012 [benchmark], cadre 10 nm	7fe6cf448c912794d8067d9766ea661c01ee78185553714652fe1e7f01f01853
241114_010.sxm	20241114_LHe_Cu100	garde		benchmark_actuel		f4fe6bfba1505073669918b6ba729860a6a9ed5e6fbbdcc0b28c02163c753a4c
241114_011.sxm	20241114_LHe_Cu100	garde		benchmark_actuel		5e3a5b76786c379c75f1f1d11bd8fd7886ab13bb6dbfc7f66d26524b985d6b4a
241114_012.sxm	20241114_LHe_Cu100	garde		benchmark_actuel		79aac754ace167c83ddc216c3c38d83c07d291a14c91fa400b693d513c0fcbeb
241114_013.sxm	20241114_LHe_Cu100	garde		premier_tri_assistant		7c7f40682c10659f23830fa5efbec0bdd68056a55cda90021a0ad4b5672ec3b2
241114_014.sxm	20241114_LHe_Cu100	garde		premier_tri_assistant		1e19fd578ca214e863c36eac90905d1ff041e7684606fd7dffc114e93830136f
20241114_LHe_Cu100_241114_015.sxm	20241114_LHe_Cu100	garde		premier_tri_assistant		b7db8aac66a3514a43924c72bca565a5939a941738118f386691ca0cb1a16389
241114_016.sxm	20241114_LHe_Cu100	garde		premier_tri_assistant		89c1874a36d0312c369c180773042007251ff847a96a2c2dae0d875498c8a84e
241114_017.sxm	20241114_LHe_Cu100	garde		premier_tri_assistant		d7c934f915c832ed066fa6ad5085168abc474904efc6726cd00bc1bdd121d5b2
241114_018.sxm	20241114_LHe_Cu100	garde		premier_tri_assistant		22f1efdaf4ee372b5ee51bd5c5fd4a36b749f275a649237e9b1e5d86ea550148
241114_019.sxm	20241114_LHe_Cu100	ecarte	vue_large	auto	cadre 100.00x100.00 nm > 20 nm	a8d100b62414e91dec739d6bf14a8264bbc04d435625b6947187c6be88430892
241114_020.sxm	20241114_LHe_Cu100	ecarte	artefact_pointe	premier_tri_assistant	saut de ligne au milieu de la molécule	340547e63cedc2c6a70087c7240a5228a4c1dfc7ffa9dd6a67ab725db9c2c127
241114_021.sxm	20241114_LHe_Cu100	ecarte	pas_de_molecule	premier_tri_assistant	bruit	b34fc7040ee1fde8d6fd45965e7b5c077d0299cbc50e03a228cc3dc19ba7d9b7
241114_022.sxm	20241114_LHe_Cu100	garde		benchmark_actuel		933b61f62bc8cdda3c3e20fb09564438f5dc16006383901d5c9aa70e66b65798
241114_023.sxm	20241114_LHe_Cu100	garde		benchmark_actuel		ba12c57af952a5ce0e6dc4c512a8f2378eb32c04acb7558636beb6fd1c2e809b
241114_024.sxm	20241114_LHe_Cu100	garde		premier_tri_assistant		345d21b49ed24ba64322c6a7f2be2fcf34d66cc8b539cfe9cb352f3d0ff8cdbd
241114_025.sxm	20241114_LHe_Cu100	garde		premier_tri_assistant		001f8dde616f486e67b3ec43d76fe1167c587f8744273dd6307f475a5c0ac18a
241114_026.sxm	20241114_LHe_Cu100	ecarte	artefact_pointe	premier_tri_assistant	saut de ligne au milieu de la molécule	5d86f0f41cf01a999182a7b4f216187dc00df010a54c59294834afdad3d0d2f0
241114_027.sxm	20241114_LHe_Cu100	garde		benchmark_actuel		b81a0825e54b7af09ccd8aa0462cc4f07533b06dc2ac62b41c6e3e4c5593937e
241114_028.sxm	20241114_LHe_Cu100	garde		benchmark_actuel		e2f7f5ac9391e8425d6aed35c66aa5c2bb03d53316a53c236f9e9e0a10b7a4a4
241114_029.sxm	20241114_LHe_Cu100	garde		premier_tri_assistant		72a0d742a2912bb25c873e7bbe18b427fe20f5374a23541c1b50bdb7784d645d
241114_030.sxm	20241114_LHe_Cu100	garde		premier_tri_assistant		57beab0cbbcc0e6336e3e267d7600c4f8fc10c033fb6c5942d31125aac25d290
241114_031.sxm	20241114_LHe_Cu100	ecarte	plusieurs_objets	premier_tri_assistant	autre objet proche, cadre 20 nm	0a2008f46de0ab5e089bdd7bba277c7782be610d285c0505b8704c5a069d422e
241114_032.sxm	20241114_LHe_Cu100	ecarte	plusieurs_objets	premier_tri_assistant	agrégat et autre objet	5d2ad7468754a8550fdaa35bdd3cf8ca454704045a540fc60384d1975f0800bf
241114_033.sxm	20241114_LHe_Cu100	garde		premier_tri_assistant	autre objet à ~2 nm	0b0d32fd897bf80b2196f6cf315ee32b745881ad24ee66a24b9496d08bbe5391
241114_034.sxm	20241114_LHe_Cu100	ecarte	vue_large	auto	cadre 100.00x100.00 nm > 20 nm	b8112e582a1084a05a190249e6739be25331674cf6f406dcec64b9a5d4322e44
241114_035.sxm	20241114_LHe_Cu100	ecarte	artefact_pointe	premier_tri_assistant	saut de ligne à travers la molécule	c0b2ea8b3b9ecb9b49cb3d5d938b17a718a87e22b567a173a81cc6fed07016c7
241114_036.sxm	20241114_LHe_Cu100	ecarte	pas_de_molecule	premier_tri_assistant	bruit	1c3a25851b7118ee69dcba39ba3967a5cbb29cbf1b08cff01ea573c9b3201e61
241114_037.sxm	20241114_LHe_Cu100	ecarte	molecule_coupee	premier_tri_assistant	au bord supérieur	5fe9bf452165b93004a28703424d929311e8604180c2b96aff3be13d958160e9
241114_038.sxm	20241114_LHe_Cu100	garde		premier_tri_assistant		1dcf4741a1c1ab54e3fcd19143c347eb019e39e67f1aedd28afd48c8ff11ec28
241114_039.sxm	20241114_LHe_Cu100	garde		premier_tri_assistant		2f16b9f41e95d63c638731b364f045e922ac63fa58cc2fdd1fe7d837886cffdf
241114_040.sxm	20241114_LHe_Cu100	garde		benchmark_actuel		fdd750cd2a17ee8ffcf5d3fa4e068c3b20c1ce59e9aa11273c1a156ae7bca883
241114_041.sxm	20241114_LHe_Cu100	garde		premier_tri_assistant		a66c29257435c2131dc548697e26f47d487f10b3fb4e9d7bb4594bf0641b151f
241114_042.sxm	20241114_LHe_Cu100	garde		premier_tri_assistant		04b58b688f4bf24bcf1aee6c93fe1a99acc1c54246c4eb96969e3352619cbd85
241114_043.sxm	20241114_LHe_Cu100	garde		benchmark_actuel		ea879572f05aac29d75000c651cf87223732002ebf6430961dda0657e1591238
241114_044.sxm	20241114_LHe_Cu100	garde		benchmark_actuel		54261103ab00305e97d824c62f2be65dc9e9491b942077d1f0d355340390a66d
241114_045.sxm	20241114_LHe_Cu100	garde		benchmark_actuel		c5c87a434456b966dbd9991077d766f827ff4d3ac0fb2d3f764d4439d06b94d8
241114_046.sxm	20241114_LHe_Cu100	garde		benchmark_actuel		e269848936c542704a8621cd572aa7a98d0a10c53dccae4aa3188fa9e2563db0
241114_047.sxm	20241114_LHe_Cu100	ecarte	molecule_coupee	premier_tri_assistant	touche la zone non scannée	c2889683751a63c3571422a2ff30025e5b236bcf7e7706db0bf9d1af1f1b4dea
241114_048.sxm	20241114_LHe_Cu100	ecarte	molecule_coupee	premier_tri_assistant	au bord droit	819d3558f6aeb1548d23e4c7bb91883d284705a946e2bb46773f6d69ef38ca02
241114_049.sxm	20241114_LHe_Cu100	ecarte	pas_de_molecule	premier_tri_assistant	bruit	9e7e6f3d8403de0bc560f1c330085d1f3aa80b3693fede60aad0e0df88131e76
241114_050.sxm	20241114_LHe_Cu100	ecarte	incertain	premier_tri_assistant	cadre 20 nm, objet flou sans structure	ffdc7220c17fa31e5ac405227c0e7a9b82a181c0bbecf9f3cfb1f5ca1b943109
241114_051.sxm	20241114_LHe_Cu100	ecarte	artefact_pointe	premier_tri_assistant	saut de ligne, cadre 20 nm	e4de0572baa1fd96a52a9aae75bf456701217265da969b601663ef5493f0949d
250501_001.sxm	Cu100LHe01052025	ecarte	vue_large	auto	cadre 100.00x100.00 nm > 20 nm	2e7ed82fb7a335d02094ae51a030b03eb0230f3a5afbb1a55599b845b0d0d409
250501_002.sxm	Cu100LHe01052025	ecarte	vue_large	auto	cadre 100.00x100.00 nm > 20 nm	eec5538ba5b419e7e465010912bae07a3123d40b669d094c1bd0550349e2bd05
250501_003.sxm	Cu100LHe01052025	ecarte	vue_large	auto	cadre 100.00x100.00 nm > 20 nm	fe71897eb610393c69170203c5d7936659cb37d36d3e02c262540a789e40e074
250501_004.sxm	Cu100LHe01052025	ecarte	vue_large	auto	cadre 30.00x30.00 nm > 20 nm	a5caae4b74b0e28ae31ac1e16076895b152ae48c7ab29581a8d0ece7b8f64db1
250501_005.sxm	Cu100LHe01052025	ecarte	vue_large	auto	cadre 90.00x90.00 nm > 20 nm	5bc64323a95665f3c0ccf25befd22ebaa90ee99508629184b6e9b5092eea4d88
250501_006.sxm	Cu100LHe01052025	ecarte	vue_large	auto	cadre 100.00x100.00 nm > 20 nm	57db7dcb2826ef729ed01b985725c156e1a240c1492b846727e2b360b7dedffd
250501_007.sxm	Cu100LHe01052025	ecarte	pas_de_molecule	premier_tri_assistant	bruit	818f11b9b4b726a86ba7f65f117584e8bcaf7087f455322597d255cbe8d92ffc
250501_008.sxm	Cu100LHe01052025	ecarte	incertain	premier_tri_assistant	traînée faible accolée à la chaîne	2f6f5d448e2baf8250ca4da7880c4738f2693947883fd8bf1fccc54f296322b9
250501_009.sxm	Cu100LHe01052025	ecarte	vue_large	auto	cadre 100.00x100.00 nm > 20 nm	9e1c9208e40670eb4039a70480d965ac9eed869e0b160cad0820bf86b4da12f0
250501_010.sxm	Cu100LHe01052025	garde		premier_tri_assistant		977023ec32553a3a605241be2e2f1fcbc77191747765cbcc576dfd3e087dd896
250306_001.sxm	Cu100LHe06032025	ecarte	vue_large	auto	cadre 30.00x30.00 nm > 20 nm	69b2714a4a60b52002188577abd546ec1cb8ffa94e01679220b44ce31dd3dc8a
250306_002.sxm	Cu100LHe06032025	ecarte	vue_large	auto	cadre 30.00x30.00 nm > 20 nm	0bc20b1a4aa08cb6c0d27f538ea7d018d2b056bf8365d6aa498705aa71e4a07d
250306_003.sxm	Cu100LHe06032025	ecarte	vue_large	auto	cadre 100.00x100.00 nm > 20 nm	31d4735e42270a2a6836573cceb6cafeefcc8b59360b340075f84025ac839639
250306_004.sxm	Cu100LHe06032025	ecarte	vue_large	auto	cadre 100.00x100.00 nm > 20 nm	09311de9adad07e32fc6a487c28d085fb50c3b82e901d8e58d71badebb1c3df5
250306_005.sxm	Cu100LHe06032025	ecarte	vue_large	auto	cadre 100.00x100.00 nm > 20 nm	a78579fe8f0b1482088385c6705e947a2695e14cb74c02a9e24de16c8926ea70
250306_006.sxm	Cu100LHe06032025	ecarte	vue_large	auto	cadre 100.00x100.00 nm > 20 nm	0bdd5f8007730cc9444b5142c1b6af710fb7b109d502b3468da388ed924dd92b
250306_007.sxm	Cu100LHe06032025	ecarte	vue_large	auto	cadre 150.00x150.00 nm > 20 nm	33add46ce6eb9d6f1b939b16d2743e4c84511e07cf7408c4d63e6562bbb503ea
250306_008.sxm	Cu100LHe06032025	ecarte	vue_large	auto	cadre 30.00x30.00 nm > 20 nm	ffffaca7490ed99b8a8f8b4302493ff75567c740c876fc1f4dbce5095c9ec565
250306_009.sxm	Cu100LHe06032025	garde		premier_tri_assistant	floue	c05293eb7bfb17bee23a74683e8adb833059c65c84eb96e4cdec37752e9277de
250306_010.sxm	Cu100LHe06032025	garde		premier_tri_assistant	floue	0be56871fdedaacade0415212ddf024074d165dbcb52e69aada778e351353ac2
250306_011.sxm	Cu100LHe06032025	garde		premier_tri_assistant	floue	dfb1191c05eb23ae2f802ce391705cf4c015518c3d61e0961c13fd9cba368a26
250306_012.sxm	Cu100LHe06032025	garde		premier_tri_assistant	floue	9d41619f5cbed7956bcec760207c681f6a8400bb6c0602d74319d03cae6dc768
250306_013.sxm	Cu100LHe06032025	ecarte	molecule_coupee	premier_tri_assistant	touche la zone non scannée	1837c29919c62b9d85db7c893a7fdd99dab7ca5faa09a67b392917ba84921c24
250306_014.sxm	Cu100LHe06032025	ecarte	incertain	premier_tri_assistant	objets diffus accolés	fbd03ce99cf81707dddb81089bdc6f832417867f995984409c0c28656ed9c41e
250306_015.sxm	Cu100LHe06032025	ecarte	vue_large	auto	cadre 100.00x100.00 nm > 20 nm	6d953fc7ab2afe3803a93fa76847e0a7f99066968401f8de14b0ce9289d0140a
250306_016.sxm	Cu100LHe06032025	ecarte	vue_large	auto	cadre 100.00x100.00 nm > 20 nm	6cedfa1b641525cd43d0dd02175b7ac960ff52acddbdffdbdea252c8539f31a9
250306_017.sxm	Cu100LHe06032025	garde		premier_tri_assistant	chaîne en U	146c3636ab2af9c622929e120788b7a6f6f12d51da29a0912c960ee65cf50d1c
250306_018.sxm	Cu100LHe06032025	garde		premier_tri_assistant		8ecf5f4a347b47c8b368c9ec1d04adf18e29fe996150e4e3391283211b7fe135
250306_019.sxm	Cu100LHe06032025	garde		premier_tri_assistant		92be05c2927186e07f694f4605c23e50b5a432bbdef6fea82ea82e431da0add6
250306_020.sxm	Cu100LHe06032025	ecarte	plusieurs_objets	premier_tri_assistant	amas d'objets	ac2eaf3051bbbf8ce8ef8964eeb9bc701d1bbdb89790fdb9e8f55999fff9db6d
250306_021.sxm	Cu100LHe06032025	ecarte	vue_large	auto	cadre 100.00x100.00 nm > 20 nm	6f6e52a0bdfab9b970143ca4eebebb0ae0a305832d7de35324eaf20388d84789
250306_022.sxm	Cu100LHe06032025	ecarte	vue_large	auto	cadre 100.00x100.00 nm > 20 nm	b99a1f571be7cac1f39d33fc35c611e45ac8bda95e81813387000476bdc230d0
250306_023.sxm	Cu100LHe06032025	ecarte	incertain	premier_tri_assistant	cadre 20 nm, objet flou	8436643b9b00d3740f5b452ac9f15688b2436c736443175ef1c8ae7a11b6f18f
250306_024.sxm	Cu100LHe06032025	ecarte	vue_large	auto	cadre 100.00x100.00 nm > 20 nm	36a732be94d520070d61e1530e348cefb233a5074a4a812bf6de5b6a914c1499
250306_025.sxm	Cu100LHe06032025	ecarte	vue_large	auto	cadre 100.00x100.00 nm > 20 nm	99ca3dd19cc3629207d31376f5607e9796b88a0609cf1b9a99b4d779ddd5e0ed
250306_026.sxm	Cu100LHe06032025	ecarte	incertain	premier_tri_assistant	allongée (ROI 4.7 nm), lobes latéraux	3211b02ae0fb008961d6275436228e764c548e26e9b8266673f3d6509fab9251
250306_027.sxm	Cu100LHe06032025	ecarte	vue_large	auto	cadre 100.00x100.00 nm > 20 nm	141fc0414e5751b2811123ed743ed15d59dfe7ac612919287a8a865a1e46b52f
250306_028.sxm	Cu100LHe06032025	ecarte	plusieurs_objets	premier_tri_assistant	deux chaînes parallèles	711ab094db843be21a8d0196128415a1771981016cafaa20e146ff1929d99fca
250306_029.sxm	Cu100LHe06032025	ecarte	incertain	premier_tri_assistant	allongée (ROI 4.8 nm)	9c6a0476da06c6f53862296bba7dd40522bd521652f0ca44df7947318aa8cd7c
250306_030.sxm	Cu100LHe06032025	garde		premier_tri_assistant		d12a66b0a4b8ad237fcdd873703680cda0d3e013826e1faacede8d1bbf7153df
250306_031.sxm	Cu100LHe06032025	garde		premier_tri_assistant		5842d6fc7c7a6d9db32fdb9e8b8da1b64ac543445977220b3072b40d88d4ee86
250306_032.sxm	Cu100LHe06032025	garde		premier_tri_assistant		2f7dd775040a0775f0705db44a755cd03ccf454d4703033c44c67aae2a61e987
250306_033.sxm	Cu100LHe06032025	garde		premier_tri_assistant		fd4f472064a09f82c03dbed16f87110e659ecc05cd3ebd29358df5d7e7a08717
250306_034.sxm	Cu100LHe06032025	ecarte	plusieurs_objets	premier_tri_assistant	agrégat	c925bbde58d9c7640a7f86c5edf44788f2fe2a6574ac7fbd8d80d4f9d98f0b07
250306_035.sxm	Cu100LHe06032025	ecarte	plusieurs_objets	premier_tri_assistant	agrégat	fdccc691e756a688f95fd6c69572e75d2863667b905be2128c92f0a717feadd7
250306_036.sxm	Cu100LHe06032025	garde		premier_tri_assistant		4a772ee6142900d2f59b842d473cdebad2f0aaf4a14a51dec3b4b376a9ea324d
250306_037.sxm	Cu100LHe06032025	garde		premier_tri_assistant		4b467750bcccd809996cab6808f80a0243b02d5cfeab60e4410fe40e179337a4
250306_038.sxm	Cu100LHe06032025	garde		premier_tri_assistant		53199285ae1c3d9ac697928702249d320222a97b985c9496c09220e5070e3481
250306_039.sxm	Cu100LHe06032025	ecarte	vue_large	auto	cadre 100.00x100.00 nm > 20 nm	aeab5251a8d4ed828d1f2dbc3a1c753fbd4470869eb4ce4a008e5d7a78c55612
250306_040.sxm	Cu100LHe06032025	ecarte	plusieurs_objets	premier_tri_assistant	chaîne prolongée par une rangée d'objets	00a516982d2fb98ce2d0c7211133608cba9a76ad43cf90fbf302d510cc6d3962
250306_041.sxm	Cu100LHe06032025	ecarte	plusieurs_objets	premier_tri_assistant	chaîne prolongée par une rangée d'objets	1d7dfe305167ff88f0137605b2c185d2b0f6f10153705d76188257e1fb98b0a7
250306_042.sxm	Cu100LHe06032025	ecarte	plusieurs_objets	premier_tri_assistant	chaîne prolongée par une rangée d'objets	cfea2fb86f53edafd13d50f660e171a3bf646194c6edcd9ed2b1f519a10dc8dd
250307_001.sxm	Cu100LHe07032025	ecarte	vue_large	auto	cadre 150.00x150.00 nm > 20 nm	dc1d6bf2dc6dab95f784efb731f941db4b68a87a86a8766c40ea4a4997883a32
250307_002.sxm	Cu100LHe07032025	ecarte	vue_large	auto	cadre 150.00x150.00 nm > 20 nm	bb72c77c207a97da19ed27a14ffcf3f2ef5ca63eaefcf7d0a8f703cbb5b189c3
250307_003.sxm	Cu100LHe07032025	ecarte	vue_large	auto	cadre 50.00x50.00 nm > 20 nm	102d387109c78231542a6e07281461811c547633fbf5cc99572ef8c98e1eb4fe
250307_004.sxm	Cu100LHe07032025	ecarte	vue_large	auto	cadre 50.00x50.00 nm > 20 nm	7c29c900fb046e42b6740b0f14f2242047aef336a62be3aa50a34c8e622f16e0
250307_005.sxm	Cu100LHe07032025	ecarte	plusieurs_objets	premier_tri_assistant	amas sur une marche	f56c994da02fe866516f46de0238f8fb05631f9dc1392cdfc4c1c04ec7031b1e
250307_006.sxm	Cu100LHe07032025	ecarte	vue_large	auto	cadre 100.00x100.00 nm > 20 nm	8e1c00f85d883ecd580bf874ebab2db424c60c09d497425580ed2f755c64efcf
250307_007.sxm	Cu100LHe07032025	ecarte	pas_de_molecule	premier_tri_assistant	bord, pas de molécule isolée	f5734a84e76ec0451cae73032ac9d15500fec3adf573eea118c1e4966e0e0fd6
250307_008.sxm	Cu100LHe07032025	ecarte	vue_large	auto	cadre 40.00x40.00 nm > 20 nm	440fe20585786618cabb00a007e0bb8201372d78174ba9f88ed43b32f504db72
250307_009.sxm	Cu100LHe07032025	ecarte	plusieurs_objets	premier_tri_assistant	objet accolé à la chaîne	e52d1165a10fe70bfe0e71fd73ff12ff058ce795babec622dc9145576fd8b0d5
250307_010.sxm	Cu100LHe07032025	garde		premier_tri_assistant		1b4ab862257238de95622724a705dce1c84322f37b1c6c776164b57c36a44572
250307_011.sxm	Cu100LHe07032025	garde		premier_tri_assistant		8a7150e7b63cfd76f01ac0ee6a64e4c7bc008b3b7ca54f8b171cd3ef83b6f802
250307_012.sxm	Cu100LHe07032025	garde		premier_tri_assistant		9f8daf1a83efbfb7e00246d7a72793102a38ba097c39ed1fcbf1c2bfe67cd771
250307_013.sxm	Cu100LHe07032025	garde		premier_tri_assistant		06edcae7051790c2d31a8d0c1903053ae822af7d2d6351c32feaf288ee3f5bb2
250307_014.sxm	Cu100LHe07032025	garde		premier_tri_assistant		65b0db0e06399a7be1cfb3fe022115a101a4054780ab08d247da965d06319a35
250307_015.sxm	Cu100LHe07032025	garde		premier_tri_assistant		daec3d2425864634010d03c538dab3b3b89414e98e697927216e20958124060a
250307_016.sxm	Cu100LHe07032025	ecarte	vue_large	auto	cadre 100.00x100.00 nm > 20 nm	71f5c6519653c071c86e0ff15ca5564145add8d3b85213070450aff41aae6ddb
250307_017.sxm	Cu100LHe07032025	ecarte	vue_large	auto	cadre 100.00x100.00 nm > 20 nm	67cc31b8d686eecf07810eee47d49b36d45606a0a09dc5034c3027b3cb443368
250307_018.sxm	Cu100LHe07032025	ecarte	vue_large	auto	cadre 100.00x100.00 nm > 20 nm	64e0c72859c75847d2b6c4cbcf6be4911ba6d4f3cb148de1b99cf22542ecc431
250307_019.sxm	Cu100LHe07032025	ecarte	molecule_coupee	premier_tri_assistant	au bord du cadre	d0ae143e98eb72baebdaa0986da1a1ec8d6f58ef7bc487b34e674ddae18750f4
250307_020.sxm	Cu100LHe07032025	ecarte	incertain	premier_tri_assistant	allongée (ROI 5.2 nm)	b6469ff7d5d1533a17521ff99709d07c8300eca621aa4fba20db149f568660e2
250307_021.sxm	Cu100LHe07032025	ecarte	vue_large	auto	cadre 100.00x100.00 nm > 20 nm	66c1d216c6e7ed7c6e03e59aa9b5955dd522a40b79839c917a6cda85d3a434d7
250307_022.sxm	Cu100LHe07032025	ecarte	vue_large	auto	cadre 100.00x100.00 nm > 20 nm	0f15e8d15c566ec542545cca64ab4a82128d40d02920df25f5f434cc251a20e1
250307_023.sxm	Cu100LHe07032025	ecarte	vue_large	auto	cadre 100.00x100.00 nm > 20 nm	07d936b38e838a757a3488821e1837d821cb303bbe1bd6e22b8a20229dc30672
250307_024.sxm	Cu100LHe07032025	ecarte	molecule_coupee	auto	la zone de la molécule traverse le cadre	5a826a1df0beaaf74e842c3addd1a0a7b21c12cba60344d12c97db26858ae18c
250307_025.sxm	Cu100LHe07032025	ecarte	molecule_coupee	auto	la zone de la molécule traverse le cadre	223ab5a4dd10975166cdd88ff37125d47214add3afbb126e6034ce93ff98bad3
250307_026.sxm	Cu100LHe07032025	garde		premier_tri_assistant		b27943b2f015c0e303e8148607c8f692e1d6315f54d4b7025009ef4883045051
250307_027.sxm	Cu100LHe07032025	garde		premier_tri_assistant		e5cecf09e5d8a9f0b86aa5b697907102469ce215f88b4604cced4e11556c7e9b
250307_028.sxm	Cu100LHe07032025	garde		premier_tri_assistant		6cc09e703b89856e954cad117a189945515fc40f4ad7060d0c7acfb696f75656
250307_029.sxm	Cu100LHe07032025	garde		premier_tri_assistant		0ab78bd695cf5d314fd43b970b3b396fbb717aa48a093b96e64b5ec61b4ee4e2
250307_030.sxm	Cu100LHe07032025	garde		premier_tri_assistant		c8d758175d08ce4de41f73a4de75d4048c12a0a114b1a50781c68c87846f3f36
250307_031.sxm	Cu100LHe07032025	garde		premier_tri_assistant		3fcfad3d4ded5cfd6fe935a1bf6ff896a425112bed5c4c7d78cff492b19bcfa6
250307_032.sxm	Cu100LHe07032025	ecarte	vue_large	auto	cadre 100.00x100.00 nm > 20 nm	875774928edd7a1af1a99335d14e162299adbbfbc020bbcd0d251fd39605bad6
250307_033.sxm	Cu100LHe07032025	ecarte	vue_large	auto	cadre 100.00x100.00 nm > 20 nm	27667fbb7cb3afabcf2be8236ed59cdac727f0872b23c0428ecda81f5f8dbc3b
250307_034.sxm	Cu100LHe07032025	ecarte	vue_large	auto	cadre 100.00x100.00 nm > 20 nm	c9e12105033d8956c64550c516ebdd3ae71c056b22d1d837666782f6474b5f6f
250307_035.sxm	Cu100LHe07032025	ecarte	vue_large	auto	cadre 100.00x100.00 nm > 20 nm	798544d2dac159327a78052528e8a613c40c5ebc433e9e5e1ca0a36b84de1bc9
250307_036.sxm	Cu100LHe07032025	ecarte	pas_de_molecule	premier_tri_assistant	bord de zone non scannée	5237d597e8c0bcfd4b9dc25b42f0ebcf2820c29cedc05c01ffb87ee811e916b8
250307_037.sxm	Cu100LHe07032025	ecarte	vue_large	auto	cadre 100.00x100.00 nm > 20 nm	d6623d12e3944d5396288548e0df59adee0b5744bc2fceee0111b860f58a283e
250307_038.sxm	Cu100LHe07032025	ecarte	vue_large	auto	cadre 100.00x100.00 nm > 20 nm	f3a3fffc8e4fea3fc520d0245fa2ee322c52fdd68b599c063cb6d8286c03b549
250307_039.sxm	Cu100LHe07032025	ecarte	vue_large	auto	cadre 100.00x100.00 nm > 20 nm	9f4e44603c78ab4f8632753a50dfe6fd61278df5295d774c82b2282a0a9ee65b
250307_040.sxm	Cu100LHe07032025	ecarte	vue_large	auto	cadre 100.00x100.00 nm > 20 nm	d8ae53c9a9bb2a11db37eb126faf36bf610aba306904b5d73f5cc49f18a15471
250307_041.sxm	Cu100LHe07032025	ecarte	vue_large	auto	cadre 100.00x100.00 nm > 20 nm	55aae0d3636314903a97ac4610e3e9c0acf8a3fc160db05b9afe8e717a11776c
250307_042.sxm	Cu100LHe07032025	ecarte	vue_large	auto	cadre 100.00x100.00 nm > 20 nm	897b4867cdd44f8e0dabe072aa36cef83fb319518799ac12f137dba8cd306660
250307_043.sxm	Cu100LHe07032025	ecarte	pas_de_molecule	premier_tri_assistant	bruit	47526788ca6a2ed2d6121e69d1582753418b1f398c0c6ecc406c697e413bac8e
250307_044.sxm	Cu100LHe07032025	ecarte	incertain	premier_tri_assistant	objet accolé à une extrémité	5429d72311534f18cce88b6d7ea53fa7097836a0f6e66d18ea426f66b5072e03
250307_045.sxm	Cu100LHe07032025	garde		premier_tri_assistant	floue	aa5e31c3118c5bfaf0cb5cae69965c8529c50d1a7031e110d0e47dfab5a82844
250307_046.sxm	Cu100LHe07032025	garde		premier_tri_assistant		ece94bc310d5fa954a7b6f99f3ebc4082ce5ae2c48e8b8c1eb8bee9d8e55c142
250307_047.sxm	Cu100LHe07032025	garde		premier_tri_assistant		f8761c686433239a0f80688ae26a649da8a6caaacdf5c81fb8d29a05b90e91db
250307_048.sxm	Cu100LHe07032025	garde		premier_tri_assistant		e9ba94c864055746622e92f8ab6ebe3e2765dd4471bdb5e2992fd95b5be71ab6
250307_049.sxm	Cu100LHe07032025	garde		premier_tri_assistant		a78fdd9bafd7b8ca8e98a2f1c2c0043156317dcfb38c6579cd2fef8bd2c89753
250307_050.sxm	Cu100LHe07032025	garde		premier_tri_assistant		7226a7c0e4873747ae90167c2b0c2d84cc90b8350fc6b4ff7c63fbd8fa4ad9ce
250307_051.sxm	Cu100LHe07032025	garde		premier_tri_assistant		942d54c5e33009ae6dde085661e12a477cf863c592df65edbccc9c37936a359c
250307_052.sxm	Cu100LHe07032025	garde		premier_tri_assistant		e48b3d4fab5a31e617eabda95cfd65bc2ca52dbedacf602dbcb8ee01607d3241
250307_053.sxm	Cu100LHe07032025	garde		premier_tri_assistant		9380c281a4082302eafdc9693e2ac6dbd5d6250612510e6fa2809fdb9dc3d290
250307_054.sxm	Cu100LHe07032025	garde		premier_tri_assistant		f9322ed75c931d543a30235ad9a997c36fc5d0d8edbb66afc4ed69d59abb3ae9
250307_055.sxm	Cu100LHe07032025	garde		premier_tri_assistant		7cfd3db63593b35ccda494e85ccd168391e98bb09028423313dac3b14e48a850
250307_056.sxm	Cu100LHe07032025	garde		premier_tri_assistant		35e703464c04799222d3900b30ba617594cb70948670ad9388dc478ffc1d1154
250307_057.sxm	Cu100LHe07032025	garde		premier_tri_assistant		7aba38cb762f534bab211f95eaa72d5eb42aff39b885f5b7a3ed0422add3807e
250308_001.sxm	Cu100LHe08032025	ecarte	vue_large	auto	cadre 100.00x100.00 nm > 20 nm	0bfab0c8297725d8c2878ad1faae885cd2e9674956375b8341f8049846ff6dc2
250308_002.sxm	Cu100LHe08032025	ecarte	vue_large	auto	cadre 100.00x100.00 nm > 20 nm	77a13e46c567837d81d193775cd09f562469925fd29cdf6c1301c570562a2f77
250308_003.sxm	Cu100LHe08032025	ecarte	pas_de_molecule	premier_tri_assistant	adsorbats, pas de chaîne	254f9191834dfe2d118757362d18440552bb211ed7a5e80bfdf02fe077f13062
250308_004.sxm	Cu100LHe08032025	ecarte	incertain	premier_tri_assistant	objet brillant et traînée faible	dc0c90f32cc3bad7e36fac51dbd1b8dc6b5fa90fca8d99bfa640eb51d264ed76
250308_005.sxm	Cu100LHe08032025	ecarte	pas_de_molecule	premier_tri_assistant	adsorbats, bruit	b62c4e11fe0544e3d2e75be9acf74b9bec5c543bdef644fe1220e1f596efc88d
250308_006.sxm	Cu100LHe08032025	ecarte	artefact_pointe	premier_tri_assistant	saut de ligne au milieu de la molécule	27ce8830fc0e4cb758cc2d4b6199d63fb8c90339d34b7fe1140238ba1ee763ec
250308_007.sxm	Cu100LHe08032025	ecarte	vue_large	auto	cadre 100.00x100.00 nm > 20 nm	9a179c3736dc1f361bcf17d3a5b76410ecc33ca6e872ff17036077d914edbcd8
250308_008.sxm	Cu100LHe08032025	ecarte	vue_large	auto	cadre 100.00x100.00 nm > 20 nm	4b7b8234ee0f123d2934a4f0633187666ededd4e2aa17aaabef728da7f3d99ce
250308_009.sxm	Cu100LHe08032025	ecarte	molecule_coupee	auto	la zone de la molécule traverse le cadre	e0d5cda32d9f6f354b6f4099661bac40a946aa9c4402efde2b74da45ebb9b3e2
250308_010.sxm	Cu100LHe08032025	ecarte	molecule_coupee	premier_tri_assistant	au bord de la zone observée	6d72c8cae444d7d1dacf1badc6e4e2bae00899254e52fc41c300d99d23dabe58
250308_011.sxm	Cu100LHe08032025	ecarte	incertain	premier_tri_assistant	petit objet accolé latéralement	bf4d9b5396f1c72280871d928a789a159ed6e98f3c264dcb53828fc293cd125b
250308_012.sxm	Cu100LHe08032025	ecarte	incertain	premier_tri_assistant	petit objet accolé latéralement	8d30f7ad759adcb0041b3f7b3ee27b40c7fe4dfa39a1a645b1104f3d42156316
250308_013.sxm	Cu100LHe08032025	ecarte	incertain	premier_tri_assistant	petit objet accolé latéralement	f2af3f766df07a208d18c0d26f8fe35a42af4952f277af87497cf64a5ad83609
250308_014.sxm	Cu100LHe08032025	ecarte	incertain	premier_tri_assistant	petit objet accolé latéralement	ebf673a97244807762ba900555ac929ac013c24b330da24bf9af425755037a91
250308_015.sxm	Cu100LHe08032025	ecarte	incertain	premier_tri_assistant	petit objet accolé latéralement	c465344ba27f7e25097a01b0fcc2208c0ca28597dfe305b04ac541cdafdac1e9
250308_016.sxm	Cu100LHe08032025	ecarte	incertain	premier_tri_assistant	petit objet accolé latéralement	659400a6c2d4b4720efb0652c7348050bcb7405e6d3d764f20560081a8bac486
250308_017.sxm	Cu100LHe08032025	ecarte	vue_large	auto	cadre 100.00x100.00 nm > 20 nm	34fd3437cedb1c51105012cbe92711883998d22efbcc60bc4ffe14ba9a1f3238
250308_018.sxm	Cu100LHe08032025	ecarte	plusieurs_objets	premier_tri_assistant	amas	fd74dddfb01ef296cd21d548eda29ba6c424f695f847dfb434d5eb6ada7fcfb7
250308_019.sxm	Cu100LHe08032025	ecarte	vue_large	auto	cadre 100.00x100.00 nm > 20 nm	4b509ff517d75866f7e2b201d729273a008ca2b879ee8d05a00424c1d42267b7
250308_020.sxm	Cu100LHe08032025	ecarte	incertain	premier_tri_assistant	cadre 20 nm, objet élargi	860ac78643a8560a54a95fe3db05ef0af5f1365432ce4f5fdc2d2f0465252857
250308_021.sxm	Cu100LHe08032025	ecarte	artefact_pointe	premier_tri_assistant	saut de ligne sur la molécule	7e97e148745fcdceb03caa89af7ef9ae3dfe0e9f90afbf6a348ccf0025453b94
250308_022.sxm	Cu100LHe08032025	ecarte	incertain	premier_tri_assistant	chaîne élargie, peut-être dédoublée	d7d2596dd4fca5bd0e3e7ff02fe74f639133f146a8051ca92786b4d1fbce071e
250308_023.sxm	Cu100LHe08032025	garde		premier_tri_assistant		1a59ea2b34a2c6f412ab6281afb6b9674ad8b1ccddccc401ea3929d9f56645c2
250308_024.sxm	Cu100LHe08032025	ecarte	artefact_pointe	premier_tri_assistant	saut de ligne au milieu de la molécule	f513dfa9ec2bc6ea56b4345b0a1ecae5e4fd1bf07e690a22f996adde863a4434
250308_025.sxm	Cu100LHe08032025	ecarte	vue_large	auto	cadre 100.00x100.00 nm > 20 nm	2e2de45f79651371850ec95c0aaad50c7fed591bee20c14592153d0035f9ffbd
250308_026.sxm	Cu100LHe08032025	ecarte	vue_large	auto	cadre 100.00x100.00 nm > 20 nm	5b862bc83332bea9a6674c1873853a65cf2deb4ad43d4932723c516acf8f86b8
250308_027.sxm	Cu100LHe08032025	ecarte	pas_de_molecule	premier_tri_assistant	bruit	075a62bcabbcf55f8bbec27d64a7327263d6d6d7cfeb62f3dc532ff775c99d83
250308_028.sxm	Cu100LHe08032025	ecarte	vue_large	auto	cadre 100.00x100.00 nm > 20 nm	e2b0a7bb2ff7bf7b244de5612084ebb0fc603e7d7f9737050b6761008bb786c8
250308_029.sxm	Cu100LHe08032025	ecarte	vue_large	auto	cadre 100.00x100.00 nm > 20 nm	1fe6b630f7cc53c6b963ef8cd7f6d9b5fb3c551175759e0bd60518b8d7526a92
250308_030.sxm	Cu100LHe08032025	ecarte	vue_large	auto	cadre 100.00x100.00 nm > 20 nm	020323af111a78c7ef077d625895d873454ac3c395a9ce1faf192ccb81779a1f
250308_031.sxm	Cu100LHe08032025	ecarte	pas_de_molecule	premier_tri_assistant	bord de zone non scannée	559bac9ecafa0e35af9623cc173a5ed94cd34ee926b29dadc5f000e634908896
250308_032.sxm	Cu100LHe08032025	ecarte	incertain	premier_tri_assistant	amas compact de lobes	bb40db6033cf20e4aadf76a8ed35ca7ea52904e8454c1d573068905fb942def3
250308_033.sxm	Cu100LHe08032025	ecarte	incertain	premier_tri_assistant	amas compact de lobes	34b0c255529894ebbdcaf30e9ae906734ad0806d2f5e6764a9bc10913f112bf3
250308_034.sxm	Cu100LHe08032025	ecarte	incertain	premier_tri_assistant	amas compact de lobes	91e65be348fa740eff19b5c091b3469d96895b169cfdcc78e227b76389545ef3
250308_035.sxm	Cu100LHe08032025	ecarte	vue_large	auto	cadre 100.00x100.00 nm > 20 nm	a0429099c9d42c6ae353440bf309798123c78f2d6f122656503a2ef441d4039a
250308_036.sxm	Cu100LHe08032025	ecarte	incertain	premier_tri_assistant	floue et allongée (ROI 4.7 nm)	5e5b965940e9cd325e2d133b2b9b7b0d3fe7d1997dcffb5dfdd4736438693706
250308_037.sxm	Cu100LHe08032025	ecarte	incertain	premier_tri_assistant	contour irrégulier	fdf41e7b47bab6be93ddb13a1bf8fac7e2c574348e8c2988aa5eaa9c2e99cd3e
250308_038.sxm	Cu100LHe08032025	garde		premier_tri_assistant		6c32c2cf024dbade54aa5263d6ab5e3c02aee0f58bde4d2dcaa2ba33b61721de
250308_039.sxm	Cu100LHe08032025	garde		premier_tri_assistant		2383898d8d7ba5673f5667181c3b6e23497d392210d058538fe377aefdb4769a
250308_040.sxm	Cu100LHe08032025	garde		premier_tri_assistant		a5075047ae84ecd6998c8f558148faecd4c984df0054ec93f575e30f34b4b9dd
250308_041.sxm	Cu100LHe08032025	garde		premier_tri_assistant		e17ce293bc01d4782ad659e20dfc1b20f7af17098e3f9564c95d9a5149e8923a
250308_042.sxm	Cu100LHe08032025	ecarte	molecule_coupee	premier_tri_assistant	touche la zone non scannée	23bc7ea7b137cf526c3f1179d45cd8d6da7aceaadae2c0664727ed636197209a
250308_043.sxm	Cu100LHe08032025	ecarte	vue_large	auto	cadre 100.00x100.00 nm > 20 nm	c8b6d4a64b77ea6423d61b650eb4e206ec2ba13720cbaf3b4be40fa79e70f25f
250308_044.sxm	Cu100LHe08032025	garde		premier_tri_assistant		9099e2597951cb93ff305d6a01dd4d3e15f11d1715e7fd0cb715a230ce3a32c7
250308_045.sxm	Cu100LHe08032025	ecarte	vue_large	auto	cadre 100.00x100.00 nm > 20 nm	473366d886013aba7f4cfd33863fb215313dc82dd9dc41d82f196c1ac4a23a38
250308_046.sxm	Cu100LHe08032025	ecarte	vue_large	auto	cadre 100.00x100.00 nm > 20 nm	630f58d886841297f88d758b4e74983876d7cddc078d523b9ed6f80085d08cda
250308_047.sxm	Cu100LHe08032025	ecarte	molecule_coupee	auto	la zone de la molécule traverse le cadre	78fd6abfce7cc45b24dfe5a7f6733ba9b147eb262964ba042e887b1332c8ffda
250308_048.sxm	Cu100LHe08032025	ecarte	molecule_coupee	auto	la zone de la molécule traverse le cadre	97167348329318c1433774cd1b872a903034d98c5a07eaa9ca11093db1157d08
250308_049.sxm	Cu100LHe08032025	ecarte	pas_de_molecule	premier_tri_assistant	bruit	8a2a97e65916e04a563046ec177f41e0ee2b3647cce3a8c1167f1adb24e41ee3
250308_050.sxm	Cu100LHe08032025	ecarte	vue_large	auto	cadre 100.00x100.00 nm > 20 nm	9c9aeca5d3cf571289f54e4d6158fc8bd65aae531283584b08e484059ffdb724
250308_051.sxm	Cu100LHe08032025	ecarte	molecule_coupee	auto	la zone de la molécule traverse le cadre	473e8f1a0e253e02cf8ac1a0a6c6a3de7db929aba7ad24cb3229472af678b33e
250308_052.sxm	Cu100LHe08032025	ecarte	vue_large	auto	cadre 100.00x100.00 nm > 20 nm	24369adffbf1190f865e52ce43c1d56a2540a17b4c8da4ec768022fce7d5c841
250308_053.sxm	Cu100LHe08032025	garde		premier_tri_assistant	près d'une marche	ee2e7df8c8f271a3c5309181c1006422c191a5dcc49dd3494f1ba0e441092c91
250430_001.sxm	Cu100LHe30042025	ecarte	vue_large	auto	cadre 50.00x50.00 nm > 20 nm	7b3ab2984ae39fa9c14a5ab7cb2c27ad3266325436593c6c80d987ca45f3c623
250430_002.sxm	Cu100LHe30042025	ecarte	vue_large	auto	cadre 50.00x50.00 nm > 20 nm	be379667cd67f77d7f926bf1baa48ce22ca5231dfd2d3eb4670b8d5cfd3623a9
250430_003.sxm	Cu100LHe30042025	ecarte	vue_large	auto	cadre 100.00x100.00 nm > 20 nm	f1fa9106ca2d795c5ba24fb3b71aab6d069e4881a4e064bcb976904a3387236e
250430_004.sxm	Cu100LHe30042025	ecarte	pas_de_molecule	premier_tri_assistant	marche du substrat	13068b2f72e6d3015225d0643824643d08a116a3c64daf8e92f4471debc36ec0
250430_005.sxm	Cu100LHe30042025	garde		premier_tri_assistant		53796110c182a74bf94f78626d3da48a6c970de925c77d451b90da755aeb58c9
250430_006.sxm	Cu100LHe30042025	ecarte	incertain	premier_tri_assistant	sur une limite de contraste (marche ou scan interrompu)	7b78a8bbcf4e177f8ac1f55544de4b31dad2d0ca465218ed0849bfc7a5e48660
250430_007.sxm	Cu100LHe30042025	garde		premier_tri_assistant		ad28331cca2dd4b36c2cf7f061f077391ce0f455260a96490d9573648a793074
250430_008.sxm	Cu100LHe30042025	garde		premier_tri_assistant		482cd7e5adff68f72ba2c5410864df6bd6e63795efb9d5220df3ad6b5c759a61
250430_009.sxm	Cu100LHe30042025	garde		premier_tri_assistant		1d9fcac7e2b7f6b6a45f1be06bb1fd13e8c5294c8382e863b705669e9f301c12
250430_010.sxm	Cu100LHe30042025	garde		premier_tri_assistant		a5fd95bd866f3f2b25e44891f139b3b74d12caa96fb36a6a301ea214702affaa
250430_011.sxm	Cu100LHe30042025	garde		premier_tri_assistant		25c7d8479481c5cbe7f74bbb3a01d33ec14eac45101f918a37229c4d3f24649b
250430_012.sxm	Cu100LHe30042025	garde		premier_tri_assistant		8ee88035a738726bddfa8733474c7af7140cb71a3dbda5e26166a5de2352419d
250430_013.sxm	Cu100LHe30042025	garde		premier_tri_assistant		3d80745d34758169bf9a4f2f22a7cda664cf1182f668e3c9eb444af566857314
250430_014.sxm	Cu100LHe30042025	garde		premier_tri_assistant		5946652c1ed08079904c0c96f90808d5abcf81550b8303c43dd66bafb3b1b253
250430_015.sxm	Cu100LHe30042025	garde		premier_tri_assistant		cfd7f8ad53e6e0b17b1be21d272bc696b9eca61b2112e77d7d7f254e5e08eaab
250430_016.sxm	Cu100LHe30042025	garde		premier_tri_assistant		e89c4fe8ed84a223b6af786a6c6cba5def9ae24d7e12108022af4d026e5f62ed
250430_017.sxm	Cu100LHe30042025	garde		premier_tri_assistant		2ca2c1f3b70311aa0eb3914153cad3d9167048d8b8fed74c3ec9d0df02d4e24b
250430_018.sxm	Cu100LHe30042025	garde		premier_tri_assistant		1ca30cbc65eb2e3fa646369ec7ba5bba35199ffd4a196efc4e8120ac673cbc93
250430_019.sxm	Cu100LHe30042025	garde		premier_tri_assistant		87a1d3ff905f32e6c7e905b5deabd88781a6a92b686e5df7d9997ca75453becf
250430_020.sxm	Cu100LHe30042025	garde		premier_tri_assistant		1918e7bbff6c239a78d3285739ebee4c1b84fd880de67149f5f8720aca9ada29
250430_021.sxm	Cu100LHe30042025	garde		premier_tri_assistant		523aba24d092b24129a6dccaeacec29c91265588d0a0a19134b9aa421bc3e147
250430_022.sxm	Cu100LHe30042025	garde		premier_tri_assistant		decf203f6f6a92af72dda91d9f06c84e0cced81355be254a063aeffdd184d6ef
250430_023.sxm	Cu100LHe30042025	garde		premier_tri_assistant		43f6c5cce24923d0271b0517212dc995a32d90f30b3481ea8781b5c0e042045a
250430_024.sxm	Cu100LHe30042025	garde		premier_tri_assistant		32edf5f149d66e58765f2289557ca6b95e7cfb1a11bb7b229405fa8d4af32516
250430_025.sxm	Cu100LHe30042025	garde		premier_tri_assistant		5276484d1455eb9e62e51f7296751ebb4a7cf31a80d8e6be4ae76d89076f7e66
250430_026.sxm	Cu100LHe30042025	garde		premier_tri_assistant		1dc9bb83a21e78fb5355014d5ed95cb214fb62fe39e6b474853d4c5a28b62cd8
250430_027.sxm	Cu100LHe30042025	garde		premier_tri_assistant		5731ab1a3ae38b33245163635bbc127c31344f916b064cd22218e6262625a9fd
250430_028.sxm	Cu100LHe30042025	garde		premier_tri_assistant		322333a1da6cb9de0a0507b7eb3c42f63c60d0e83525b8fa06235e70155805f6
250430_029.sxm	Cu100LHe30042025	garde		premier_tri_assistant		cb6f2fcb9821f58bc09e15e5ffc35512677c652b25c2eb0a149cf7abdfadd321
250430_030.sxm	Cu100LHe30042025	garde		premier_tri_assistant		6c6a9e23b64a33b2c4b72758f453bd95a8d40a4828c2255ad01123b7e0711e99
250430_031.sxm	Cu100LHe30042025	garde		premier_tri_assistant		a6669e1d33afb12fbb4ae44cbb49172457a9e847b48b11be98f827903199479f
250430_032.sxm	Cu100LHe30042025	garde		premier_tri_assistant		c6a154ce78823d69a6e02f51a5e4763e7f1f579839f8528fbdc7df71fdb0b962
250430_033.sxm	Cu100LHe30042025	garde		premier_tri_assistant		932981d0fbb9f3c1cdf6aeba8277312cf39912bfe880d62e15329e8afa200b21
250430_034.sxm	Cu100LHe30042025	garde		premier_tri_assistant		75f2252d48774e25e813efc3e8442d5068650ae9bff1114e0eff823e59e16826
250430_035.sxm	Cu100LHe30042025	garde		premier_tri_assistant		3e3308c48c3c2524ef856a6fc9f1651554a3ba8aea44c19307c7cdd39959f007
250430_036.sxm	Cu100LHe30042025	garde		premier_tri_assistant		d5bf91a96667fc05f215cffd7f6f81f0f921c5125d6fc605c890bdc33fff9bc5
250430_037.sxm	Cu100LHe30042025	garde		premier_tri_assistant		c2c929c18a12fba97f0a65fd3d7f756a0fa0bbf2fb5ac70eb68dc2352d1f2bd1
250430_038.sxm	Cu100LHe30042025	garde		premier_tri_assistant		ca4463d9b24a0d42542d2cb987c378949f8c6427fdd9a43583ceb218ec40d9c4
250430_039.sxm	Cu100LHe30042025	garde		premier_tri_assistant		24f09bc4dcf519a5b5f13b12abfa65c145e62e9c013a4abfda7e31326c500398
250430_040.sxm	Cu100LHe30042025	garde		premier_tri_assistant		98e3c1530758cd561c084d23d651aa4d0e2b18673e41634457ce3b866be28c25
250430_041.sxm	Cu100LHe30042025	garde		premier_tri_assistant		56d840eb0307cf8b93de2d9d646c873a83366f27e462e09e9f9400898dcaa6a6
250430_042.sxm	Cu100LHe30042025	garde		premier_tri_assistant		e79fd9bd68324841cabba1aede3511e9cb9ca0e6bec02ce2cc40911c0d124839
250430_043.sxm	Cu100LHe30042025	garde		premier_tri_assistant		5c6b07b71fc9910cb8387423dc5c0f1f437fa72132cd0bfcc4aa699501cd1fcc
250430_044.sxm	Cu100LHe30042025	garde		premier_tri_assistant		f020a99e610846e0a0d7f9cd157144cdd712f0ad62900ce1e075f48792c00e6b
250430_045.sxm	Cu100LHe30042025	garde		premier_tri_assistant		e196b76f777e8410d704d278f0e6bedac425c2da1191f34f33215a76d7b982ee
250430_046.sxm	Cu100LHe30042025	garde		premier_tri_assistant		65d02976bad6bca57fe771badbe7259703df81345064059c388f8d529e1605b0
250430_047.sxm	Cu100LHe30042025	garde		premier_tri_assistant		155ee2cff82193cb5dd6bbfa7c517268758c4b0c1284fd788c3db6e41421a44b
250430_048.sxm	Cu100LHe30042025	garde		premier_tri_assistant		2d0d8b6bb872d66bb22af34e14ea3014567de00085ee423c2c38c039ccfeb393
250430_049.sxm	Cu100LHe30042025	garde		premier_tri_assistant		a4c360bffe4f123ab9164a968d0ca34d389b2ddba172b148b0b69cd4f6cd2b35
250430_050.sxm	Cu100LHe30042025	garde		premier_tri_assistant		c5893c899b4f85784f7a011cfc6091c44cd2e99977448f4db08c31c77501dfae
250430_051.sxm	Cu100LHe30042025	ecarte	vue_large	auto	cadre 100.00x100.00 nm > 20 nm	abfc8671da1fa82fff468632aa8fb12cadca3b8c89921bbb999b72001815ce9b
250430_052.sxm	Cu100LHe30042025	ecarte	molecule_coupee	auto	la zone de la molécule traverse le cadre	d25233c24bd51a45a9fa3971eca281d7342b581792a99acd311ab97b311920e3
